year,quintil_oecd,sampreg,n,mean,mean_lower_confidence,mean_upper_confidence,lower_quartile,boxplot_median,upper_quartile,lower_whisker,upper_whisker,median,median_lower_confidence,median_upper_confidence
1984,1st Quintile,West,3765,9.645590862921317,9.498238856703496,9.792942869139138,2.0,6.0,14.0,0.0,32.0,6.0,5.0,6.0
1984,2nd Quintile,West,1977,11.44712517491924,11.235466472022285,11.658783877816195,4.0,9.0,16.0,0.0,34.0,9.0,8.0,10.0
1984,3rd Quintile,West,819,12.041735400528523,11.71235084126268,12.371119959794367,4.0,10.0,16.0,0.0,34.0,10.0,9.0,11.0
1984,4th Quintile,West,294,14.779303968328724,14.181861419103376,15.376746517554073,5.0,13.0,23.0,0.0,49.0,13.0,12.0,15.0
1984,5th Quintile,West,119,13.773674217529267,12.747595239772103,14.799753195286431,4.0,10.0,20.626674793291457,0.0,45.56668698322864,10.0,7.0,12.0
1985,1st Quintile,West,3155,9.151832234947056,8.998492570253084,9.305171899641028,2.0,6.0,14.0,0.0,32.0,6.0,5.974999999999994,6.0
1985,2nd Quintile,West,1812,11.167586115947353,10.947139238496916,11.38803299339779,4.0,8.0,16.0,0.0,34.0,8.0,7.0,9.0
1985,3rd Quintile,West,856,11.912544522911071,11.601742709729498,12.223346336092645,4.0,9.0,17.0,0.0,36.5,9.0,8.0,10.0
1985,4th Quintile,West,251,14.785042226148283,14.163447576152464,15.406636876144102,6.0,13.0,22.0,0.0,44.0,13.0,11.974999999999994,14.0
1985,5th Quintile,West,94,13.655317413649108,12.628111816571762,14.682523010726454,4.0,11.734352371460764,21.0,0.0,39.0,12.0,9.0,17.0
1986,1st Quintile,West,411,2.6774789624475144,2.432644219681204,2.9223137052138246,0.0,1.0,1.0,0.0,2.5,1.0,1.0,1.0
1986,2nd Quintile,West,264,3.5289865880308837,3.2130807467508964,3.844892429310871,1.0,1.0,4.0,0.0,8.5,1.0,1.0,1.0
1986,3rd Quintile,West,128,3.9259962540081577,3.3834039225650554,4.46858858545126,1.0,1.0,5.0,0.0,11.0,1.0,1.0,1.0
1986,4th Quintile,West,40,7.980723923800879,6.36285065433148,9.598597193270278,1.0,1.5151033229675352,13.399581356601562,0.0,31.998953391503907,1.0,-6.0,1.0
1986,5th Quintile,West,,,,,,,,,,,,
1987,1st Quintile,West,556,2.0215081730522098,1.8340624475221068,2.2089538985823127,0.0,1.0,1.0,0.0,2.5,1.0,1.0,1.0
1987,2nd Quintile,West,367,2.7259636927762996,2.470614525485872,2.981312860066727,1.0,1.0,1.0,1.0,1.0,1.0,1.0,1.0
1987,3rd Quintile,West,151,3.660983770914877,3.2065666186576043,4.1154009231721504,0.0,1.0,4.0,0.0,10.0,1.0,1.0,1.0
1987,4th Quintile,West,62,5.136987548941371,4.311123129224905,5.962851968657837,1.0,1.0,9.0,0.0,21.0,1.0,0.0,1.0
1987,5th Quintile,West,,,,,,,,,,,,
1988,1st Quintile,West,2195,8.95396784106145,8.768658596327699,9.139277085795202,2.0,6.0,14.0,0.0,32.0,6.0,6.0,7.0
1988,2nd Quintile,West,1901,10.84904681147178,10.63709157245861,11.06100205048495,3.0,8.0,16.0,0.0,35.5,8.0,7.0,8.0
1988,3rd Quintile,West,1043,11.611340901989168,11.319187219498938,11.903494584479398,3.0,9.0,17.0,0.0,38.0,9.0,8.0,10.0
1988,4th Quintile,West,439,13.591654547799525,13.106771298838757,14.076537796760293,4.0,12.0,20.0,0.0,44.0,12.0,11.0,14.0
1988,5th Quintile,West,132,14.52715938194873,13.573139528091986,15.481179235805474,4.0,13.0,24.0,0.0,43.0,13.0,10.0,18.0
1989,1st Quintile,West,,,,,,,,,,,,
1989,2nd Quintile,West,,,,,,,,,,,,
1989,3rd Quintile,West,,,,,,,,,,,,
1989,4th Quintile,West,,,,,,,,,,,,
1989,5th Quintile,West,,,,,,,,,,,,
1990,1st Quintile,West,1703,8.521934151144556,8.31311239384268,8.730755908446433,1.0,5.0,14.0,0.0,33.5,5.0,4.0,6.0
1990,2nd Quintile,West,1749,10.569961595977249,10.344943348767675,10.794979843186823,2.0,7.0,16.71309246793481,0.0,38.78273116983702,7.0,6.0,7.0249999999999995
1990,3rd Quintile,West,1215,11.275468714749199,11.002712388308584,11.548225041189813,3.0,9.0,18.0,0.0,40.5,9.0,8.0,11.0
1990,4th Quintile,West,596,12.737682812678626,12.333844066055523,13.14152155930173,3.0,11.0,20.0,0.0,45.5,11.0,10.0,13.0
1990,5th Quintile,West,221,13.60928141269736,12.86077990566914,14.35778291972558,4.0,9.848022875060947,22.0,0.0,46.0,10.0,9.0,12.0
1991,1st Quintile,West,1439,7.48526565158385,7.259541202073129,7.710990101094571,1.0,3.0,11.0,0.0,26.0,3.0,2.0,3.0
1991,2nd Quintile,West,1707,10.646966962141091,10.421820427499457,10.872113496782726,2.0,8.0,17.0,0.0,39.5,8.0,7.0,9.024999999999999
1991,3rd Quintile,West,1386,11.26208652519158,10.99882550675204,11.525347543631119,3.0,8.0,18.0,0.0,40.5,8.0,7.0,9.0
1991,4th Quintile,West,878,11.734927378054783,11.413847582627703,12.056007173481863,3.0,9.0,19.0,0.0,43.0,9.0,8.0,10.0
1991,5th Quintile,West,316,12.459607874678403,11.880539119054584,13.038676630302222,3.0,10.0,20.0,0.0,43.0,10.0,9.0,12.0
1992,1st Quintile,West,1093,7.260969798987485,7.032070272527858,7.4898693254471125,1.0,4.0,11.0,0.0,26.0,4.0,4.0,5.0
1992,1st Quintile,East,1455,8.064304448817728,7.821914082317753,8.306694815317703,1.0,3.0,13.0,0.0,31.0,3.0,3.0,4.0
1992,2nd Quintile,West,1652,10.10503319989478,9.884036405301101,10.32602999448846,2.0,7.0,16.0,0.0,37.0,7.0,6.974999999999994,8.0
1992,2nd Quintile,East,688,10.157321250636663,9.738738929374325,10.575903571899001,1.0,4.0,18.0,0.0,42.0,4.0,2.9749999999999943,5.0
1992,3rd Quintile,West,1427,11.180954652654433,10.921035816150626,11.44087348915824,3.0,7.0,18.0,0.0,40.5,7.0,5.974999999999994,7.0
1992,3rd Quintile,East,176,8.671727949185325,7.7827460362958885,9.560709862074761,1.0,2.0,14.0,0.0,33.5,2.0,2.0,3.0
1992,4th Quintile,West,1061,11.337425391882725,11.048400600231792,11.626450183533658,3.0,8.0,18.26786757541587,0.0,41.16966893853967,8.0,7.0,9.0
1992,4th Quintile,East,79,6.58114024277816,5.477947758922866,7.684332726633453,1.0,2.0,4.534752851711023,0.0,9.836882129277557,2.0,2.0,3.0
1992,5th Quintile,West,384,14.349106855605118,13.779128862602533,14.919084848607703,4.0,12.0,22.0,0.0,49.0,12.0,10.0,14.0
1992,5th Quintile,East,,,,,,,,,,,,
1993,1st Quintile,West,926,7.403981467325627,7.149506670581745,7.658456264069509,1.0,4.0,11.467243086297843,0.0,27.16810771574461,4.0,4.0,5.0
1993,1st Quintile,East,898,5.882981329605947,5.641480668380661,6.124481990831233,1.0,2.0,8.0,0.0,18.5,2.0,1.0,2.0
1993,2nd Quintile,West,1474,9.329688444656831,9.107639586681076,9.551737302632587,2.0,6.0,15.0,0.0,34.5,6.0,5.0,7.0
1993,2nd Quintile,East,856,7.431403304358537,7.121093551587222,7.741713057129852,1.0,3.0,10.227132652865267,0.0,24.06783163216317,3.0,3.0,4.0
1993,3rd Quintile,West,1490,11.315990463271095,11.065734698240163,11.566246228302028,3.0,8.0,18.0,0.0,40.5,8.0,7.0,9.0
1993,3rd Quintile,East,355,9.087662844272632,8.550982709380852,9.624342979164412,2.0,3.0,14.610650093824063,0.0,33.52662523456016,3.0,3.0,3.0
1993,4th Quintile,West,1160,11.862475151987692,11.579495511339687,12.145454792635697,3.0,9.0,19.0,0.0,43.0,9.0,8.0,10.0
1993,4th Quintile,East,113,8.10892476309893,7.120938227365758,9.0969112988321,1.0,3.0,11.342684964615906,0.0,26.856712411539764,3.0,3.0,4.0
1993,5th Quintile,West,493,12.791855878595682,12.346940663074092,13.236771094117271,4.0,11.0,20.0,0.0,44.0,11.0,10.0,14.0
1993,5th Quintile,East,,,,,,,,,,,,
1994,1st Quintile,West,759,7.18908385526297,6.916978020500311,7.461189690025629,1.0,4.0,11.0,0.0,26.0,4.0,3.0,4.0
1994,1st Quintile,East,545,5.850298387533541,5.531854438919367,6.168742336147715,1.0,2.0,6.082432080650988,0.0,13.706080201627469,2.0,1.0,2.0
1994,2nd Quintile,West,1325,9.868699831050849,9.627052636396389,10.110347025705309,2.0,7.0,15.361769769835325,0.0,35.40442442458831,7.0,6.0,9.0
1994,2nd Quintile,East,866,7.110325786140397,6.832149452952454,7.38850211932834,2.0,3.0,9.0,0.0,19.5,3.0,2.0,3.0
1994,3rd Quintile,West,1427,11.015959025782129,10.769805811004762,11.262112240559496,3.0,8.0,17.0,0.0,38.0,8.0,8.0,9.0
1994,3rd Quintile,East,508,9.289745647820066,8.850069983629925,9.729421312010206,2.0,4.0,15.0,0.0,34.5,4.0,4.0,5.0
1994,4th Quintile,West,1206,12.073507957090898,11.795038712688147,12.35197720149365,4.0,9.0,19.0,0.0,41.5,9.0,8.0,10.0
1994,4th Quintile,East,220,9.764995831671213,9.040300536465015,10.48969112687741,2.0,4.0,15.0,0.0,34.5,4.0,4.0,5.0
1994,5th Quintile,West,579,12.540720706165237,12.12447576571256,12.956965646617913,4.0,10.0,20.0,0.0,44.0,10.0,9.0,12.0
1994,5th Quintile,East,64,5.5192832922799635,4.642428075157232,6.396138509402695,2.0,3.0,4.0,0.0,7.0,3.0,3.0,4.0
1995,1st Quintile,West,910,6.390122705840791,6.147826498916344,6.632418912765238,1.0,3.0,8.0,0.0,18.5,3.0,2.0,3.0
1995,1st Quintile,East,480,4.718200278861237,4.438669545319788,4.997731012402685,1.0,2.0,5.0,0.0,11.0,2.0,2.0,2.0
1995,2nd Quintile,West,1438,9.35030104161469,9.116556203373012,9.584045879856369,2.0,5.0,15.0,0.0,34.5,5.0,4.0,5.0
1995,2nd Quintile,East,775,6.81360772038927,6.525835934654916,7.1013795061236245,2.0,4.0,8.0,0.0,17.0,4.0,4.0,5.0
1995,3rd Quintile,West,1465,10.62924411874532,10.389171932600771,10.869316304889868,3.0,7.0,16.0,0.0,35.5,7.0,6.0,7.0249999999999995
1995,3rd Quintile,East,589,8.88249954763078,8.481676103613042,9.28332299164852,2.0,4.0,11.690049834407635,0.0,26.225124586019085,4.0,3.0,4.0
1995,4th Quintile,West,1161,12.54470679303878,12.253558565516142,12.835855020561416,4.0,9.0,19.0,0.0,41.5,9.0,7.974999999999994,10.0
1995,4th Quintile,East,272,8.877222698844468,8.281680420150535,9.472764977538402,2.0,4.0,11.712963657455902,0.0,26.282409143639754,4.0,3.0,4.0
1995,5th Quintile,West,615,12.731198367393125,12.323359693561294,13.139037041224956,4.0,9.0,20.0,0.0,44.0,9.0,7.0,10.0
1995,5th Quintile,East,66,6.933278993908785,6.005064186483528,7.861493801334042,3.0,4.0,5.0,0.0,8.0,4.0,4.0,4.0249999999999995
1996,1st Quintile,West,833,6.457715838097332,6.206929131616304,6.70850254457836,1.0,3.0,9.0,0.0,21.0,3.0,2.0,3.0
1996,1st Quintile,East,416,4.341657930767992,4.074643906220212,4.6086719553157725,1.0,2.0,5.0,0.0,11.0,2.0,1.0,2.0
1996,2nd Quintile,West,1388,9.088866346541302,8.859246731993563,9.31848596108904,2.0,6.0,15.0,0.0,34.5,6.0,6.0,7.0
1996,2nd Quintile,East,756,6.7152942777961995,6.462329440275383,6.968259115317016,2.0,4.0,8.0,0.0,17.0,4.0,3.9749999999999943,4.0
1996,3rd Quintile,West,1405,10.710845998780476,10.47047111281539,10.951220884745561,3.0,7.0,17.0,0.0,38.0,7.0,6.0,7.0
1996,3rd Quintile,East,560,8.646371075376889,8.266232381696407,9.026509769057371,3.0,5.0,10.0,0.0,20.5,5.0,5.0,5.0
1996,4th Quintile,West,1174,11.549320767439882,11.267517672816597,11.831123862063167,3.0,8.0,18.0,0.0,40.5,8.0,7.0,8.0
1996,4th Quintile,East,329,10.053721373678668,9.471332702644128,10.636110044713208,3.0,5.0,13.0,0.0,28.0,5.0,4.0,5.0
1996,5th Quintile,West,663,13.788321094587218,13.386915149199165,14.18972703997527,4.8632535893483695,11.0,23.0,0.0,48.0,11.0,9.0,13.0
1996,5th Quintile,East,57,7.654628865191274,6.492516048837235,8.816741681545313,3.0,4.0,6.0,1.0,10.5,4.0,3.0,4.0
1997,1st Quintile,West,634,6.539277325588471,6.234641898470039,6.8439127527069035,1.0,3.0,9.0,0.0,21.0,3.0,2.9749999999999943,4.0
1997,1st Quintile,East,325,4.902772044707696,4.558973878414248,5.246570211001144,1.0,2.0,5.0,0.0,11.0,2.0,1.0,2.0
1997,2nd Quintile,West,1262,8.3811629650623,8.166773309181247,8.595552620943353,2.0,5.0,13.0,0.0,29.5,5.0,4.0,5.0
1997,2nd Quintile,East,680,6.477740308828196,6.2028163508098775,6.752664266846514,2.0,4.0,7.0,0.0,14.5,4.0,3.0,4.0
1997,3rd Quintile,West,1454,10.560282422470475,10.321783131623455,10.798781713317496,3.0,7.0,17.0,0.0,38.0,7.0,6.0,7.0
1997,3rd Quintile,East,623,9.273708997014133,8.901792252585071,9.645625741443194,3.0,6.0,11.0,0.0,23.0,6.0,6.0,7.0
1997,4th Quintile,West,1256,12.167910239117992,11.892304555323737,12.443515922912248,4.0,9.0,19.0,0.0,41.5,9.0,8.0,10.0
1997,4th Quintile,East,329,8.903025654042779,8.38329423574313,9.422757072342428,2.0,6.0,8.65975657157669,0.0,18.649391428941726,6.0,6.0,7.0
1997,5th Quintile,West,668,13.611553775923278,13.211389118479937,14.01171843336662,5.0,10.0,22.0,0.0,47.5,10.0,8.0,11.0
1997,5th Quintile,East,93,7.437154921918499,6.7074681379482675,8.16684170588873,4.0,5.0,7.0,0.0,11.5,5.0,4.0,5.0
1998,1st Quintile,West,600,5.738016758049226,5.446328911841861,6.029704604256591,1.0,3.0,8.0,0.0,18.5,3.0,3.0,4.0
1998,1st Quintile,East,220,4.456088859635668,4.095019255194881,4.817158464076455,1.0,3.0,5.0,0.0,11.0,3.0,2.0,4.0
1998,2nd Quintile,West,1206,9.01290868372478,8.77357508433099,9.25224228311857,2.0,6.0,15.0,0.0,34.5,6.0,5.0,7.0
1998,2nd Quintile,East,639,6.297423515294627,6.048779520227564,6.54606751036169,2.0,4.13135851777905,7.0,0.0,14.5,4.0,3.0,4.0
1998,3rd Quintile,West,1381,10.368327405286552,10.133414755833352,10.603240054739752,3.0,8.0,16.0,0.0,35.5,8.0,8.0,9.0
1998,3rd Quintile,East,606,8.419120431505224,8.084734610897087,8.753506252113361,3.0,6.0,9.0,0.0,18.0,6.0,5.0,7.0
1998,4th Quintile,West,1171,12.425341731294372,12.128373818534644,12.7223096440541,4.0,9.0,19.0,0.0,41.5,9.0,8.0,10.0
1998,4th Quintile,East,393,9.890883439738468,9.410687895311739,10.371078984165198,3.0,7.0,10.0,0.0,20.5,7.0,7.0,8.0
1998,5th Quintile,West,703,13.808493567529492,13.416499170856724,14.20048796420226,5.0,11.0,22.0,0.0,47.5,11.0,10.0,12.024999999999999
1998,5th Quintile,East,111,7.577987672513431,6.888179345254051,8.26779599977281,3.0,6.0,8.0,0.0,15.5,6.0,5.0,7.0
1999,1st Quintile,West,633,5.5010257106505485,5.23341364383183,5.768637777469267,1.0,2.0,7.0,0.0,16.0,2.0,1.0,2.0
1999,1st Quintile,East,296,4.7045537036171226,4.360466013137277,5.048641394096968,1.0,2.0,6.0,0.0,13.5,2.0,1.0,2.0
1999,2nd Quintile,West,1356,8.214772777787847,7.999485265942433,8.430060289633259,2.0,5.0,12.0,0.0,27.0,5.0,4.0,6.0
1999,2nd Quintile,East,735,6.523771214297773,6.2737998728593585,6.773742555736188,2.0,4.0,8.0,0.0,17.0,4.0,3.0,4.0
1999,3rd Quintile,West,1456,10.492466604901843,10.251636637034515,10.73329657276917,3.0,7.0,16.0,0.0,35.5,7.0,6.0,7.0
1999,3rd Quintile,East,622,8.691825986618172,8.367824453869657,9.015827519366686,3.0,7.0,9.0,0.0,18.0,7.0,7.0,8.0
1999,4th Quintile,West,1497,11.982267054708696,11.726089220041205,12.238444889376188,3.0,9.0,18.0,0.0,40.5,9.0,8.0,10.0
1999,4th Quintile,East,374,10.878747499228176,10.339571583778717,11.417923414677634,3.0,8.0,12.0,0.0,25.5,8.0,8.0,9.0
1999,5th Quintile,West,901,13.42581967097039,13.076531645249398,13.77510769669138,4.0,10.0,21.0,0.0,46.5,10.0,9.0,11.0
1999,5th Quintile,East,125,7.3248968204040645,6.748812147764304,7.900981493043825,3.0,6.823753147033288,9.0,0.0,18.0,6.0,5.0,7.0
2000,1st Quintile,West,487,5.280411864374755,4.972230828486863,5.588592900262647,1.0,2.0,6.0,0.0,13.5,2.0,1.0,2.0
2000,1st Quintile,East,233,4.334387695733392,3.9507681499109957,4.718007241555789,1.0,2.0,5.0,0.0,11.0,2.0,2.0,2.0
2000,2nd Quintile,West,1139,7.832048455041836,7.598533380102892,8.065563529980778,2.0,5.0,11.0,0.0,24.5,5.0,5.0,6.0
2000,2nd Quintile,East,580,6.271085542562578,6.015828290765846,6.52634279435931,2.0,4.0,8.0,0.0,17.0,4.0,3.0,5.0
2000,3rd Quintile,West,1446,10.03123504198164,9.798261950122471,10.264208133840809,2.0,7.0,16.0,0.0,37.0,7.0,6.0,8.0
2000,3rd Quintile,East,679,7.766935387653125,7.487833625128339,8.046037150177911,2.0,6.0,9.0,0.0,19.5,6.0,5.974999999999994,7.0
2000,4th Quintile,West,1505,11.259199672142346,11.018043707013145,11.500355637271547,3.0,9.0,17.0,0.0,38.0,9.0,9.0,10.0
2000,4th Quintile,East,450,11.192687083665676,10.707169281505328,11.678204885826025,4.0,8.876719303272772,12.0,0.0,24.0,9.0,9.0,10.0
2000,5th Quintile,West,1065,13.5260838659713,13.206216998676393,13.845950733266207,4.0,10.0,21.0,0.0,46.5,10.0,8.0,10.0
2000,5th Quintile,East,128,8.93334764718829,8.216776942611196,9.649918351765384,3.4228722718796254,8.0,9.0,0.0,17.36569159218056,8.0,7.974999999999994,10.0
2001,1st Quintile,West,778,4.461973863048715,4.233018943353367,4.690928782744062,1.0,2.0,5.0,0.0,11.0,2.0,2.0,3.0
2001,1st Quintile,East,356,4.292995836678244,3.9855946611758575,4.600397012180631,1.0,2.0,5.852412951042923,0.0,13.131032377607308,2.0,2.0,3.0
2001,2nd Quintile,West,1762,7.586351883278807,7.399267689441233,7.773436077116381,2.0,4.0,11.0,0.0,24.5,4.0,3.0,4.0
2001,2nd Quintile,East,746,6.454886897216179,6.2125199880719935,6.697253806360364,2.0,4.0,9.0,0.0,19.5,4.0,3.0,5.0
2001,3rd Quintile,West,2511,10.031726986862822,9.854326300468621,10.209127673257022,2.0,7.0,15.0,0.0,34.5,7.0,6.0,7.0
2001,3rd Quintile,East,933,8.900801083323861,8.621840914170106,9.179761252477617,3.0,6.0,11.0,0.0,23.0,6.0,5.0,6.0
2001,4th Quintile,West,2549,11.978258324878146,11.785680272840736,12.170836376915556,3.0,10.0,19.0,0.0,43.0,10.0,10.0,11.0
2001,4th Quintile,East,657,9.907556559141094,9.549787061537502,10.265326056744685,3.0,8.0,11.0,0.0,23.0,8.0,7.0,9.0
2001,5th Quintile,West,1931,14.099591256427315,13.855162887220493,14.344019625634138,4.0,11.0,22.0,0.0,49.0,11.0,10.0,12.0
2001,5th Quintile,East,266,9.609875612252418,9.13110372703652,10.088647497468317,5.0,8.0,11.0,0.0,20.0,8.0,7.0,9.0
2002,1st Quintile,West,641,4.934971118059022,4.676926927782798,5.193015308335246,1.0,2.0,6.0,0.0,13.5,2.0,2.0,2.0
2002,1st Quintile,East,266,4.3548061489149354,4.023388336398344,4.686223961431527,1.0,2.0,6.0,0.0,13.5,2.0,1.0,2.0
2002,2nd Quintile,West,1481,7.1616763341615535,6.967355310989182,7.355997357333925,2.0,4.0,10.0,0.0,22.0,4.0,4.0,5.0
2002,2nd Quintile,East,614,6.876053404341906,6.569562093205979,7.1825447154778335,1.0,4.0,9.0,0.0,21.0,4.0,3.0,4.0
2002,3rd Quintile,West,2140,10.1285536905143,9.938037777185425,10.319069603843175,2.0,7.0,15.505104898802253,0.0,35.76276224700563,7.0,6.0,8.0
2002,3rd Quintile,East,756,8.735827425048997,8.44937508542742,9.022279764670575,3.0,7.0,11.0,0.0,23.0,7.0,7.0,8.0
2002,4th Quintile,West,2535,11.748602803867485,11.555992602883462,11.941213004851507,3.0,9.0,18.0,0.0,40.5,9.0,8.0,10.0
2002,4th Quintile,East,738,10.210369427531267,9.885749278981676,10.534989576080859,3.0,9.0,12.0,0.0,25.5,9.0,8.974999999999994,10.0
2002,5th Quintile,West,2146,14.434394776161206,14.194649850302598,14.674139702019813,4.0,11.0,23.0,0.0,51.5,11.0,10.0,12.0
2002,5th Quintile,East,342,10.568576546342833,10.112319236758223,11.024833855927442,4.0,9.0,12.0,0.0,24.0,9.0,7.974999999999994,11.0
2003,1st Quintile,West,569,4.943703772180404,4.681991485177415,5.205416059183394,1.0,3.0,6.0,0.0,13.5,3.0,3.0,4.0
2003,1st Quintile,East,224,4.9918157387684925,4.5453300038534605,5.4383014736835245,1.0,2.0,6.0,0.0,13.5,2.0,1.0,2.0
2003,2nd Quintile,West,1227,7.681091240118387,7.4611798522313455,7.901002628005428,2.0,5.0,11.0,0.0,24.5,5.0,5.0,6.0
2003,2nd Quintile,East,593,6.60761111583075,6.350523779117471,6.864698452544029,2.0,5.0,9.0,0.0,19.5,5.0,5.0,6.0
2003,3rd Quintile,West,2024,9.938268539451864,9.74087270309093,10.135664375812796,2.0,6.0,15.0,0.0,34.5,6.0,5.0,6.0
2003,3rd Quintile,East,752,8.963391132536456,8.663681754431796,9.263100510641117,2.0,7.0,12.0,0.0,27.0,7.0,7.0,8.0
2003,4th Quintile,West,2613,11.60237712514477,11.417510380758989,11.78724386953055,3.0,9.0,18.0,0.0,40.5,9.0,8.0,10.0
2003,4th Quintile,East,692,10.442365959355913,10.111655669531006,10.77307624918082,4.0,9.0,13.0,0.0,26.5,9.0,8.0,11.0
2003,5th Quintile,West,3312,14.497373445025607,14.302580940429756,14.692165949621458,4.0,12.0,23.0,0.0,51.5,12.0,12.0,13.0
2003,5th Quintile,East,531,11.229157453347241,10.86325449783492,11.595060408859563,5.0,10.0,13.0,0.0,25.0,10.0,9.0,11.0
2004,1st Quintile,West,561,5.530507354063418,5.237861333213205,5.82315337491363,1.0,3.0,7.0,0.0,16.0,3.0,3.0,4.0
2004,1st Quintile,East,274,4.849849396946718,4.505465319996673,5.194233473896763,1.0,2.0,7.0,0.0,16.0,2.0,1.0,2.0
2004,2nd Quintile,West,1192,7.345000891499196,7.128165534278675,7.561836248719717,2.0,4.0,10.0,0.0,22.0,4.0,3.0,4.0
2004,2nd Quintile,East,499,7.22668359096638,6.901654110715447,7.551713071217313,2.0,5.0,10.0,0.0,22.0,5.0,4.0,6.0
2004,3rd Quintile,West,1876,10.396332360321253,10.183673682398176,10.60899103824433,3.0,7.0,16.0,0.0,35.5,7.0,6.974999999999994,8.0
2004,3rd Quintile,East,757,8.98420475200459,8.702049566299506,9.266359937709675,3.0,7.0,13.0,0.0,28.0,7.0,6.0,8.0
2004,4th Quintile,West,2550,11.908669325431102,11.719361957444173,12.097976693418032,4.0,9.0,18.0,0.0,39.0,9.0,8.0,9.0
2004,4th Quintile,East,732,10.66303972798126,10.333121503635809,10.992957952326712,3.0,9.0,14.0,0.0,30.5,9.0,8.0,10.0
2004,5th Quintile,West,3231,14.446151292501643,14.25422645880662,14.638076126196665,5.0,12.0,23.0,0.0,50.0,12.0,11.0,13.0
2004,5th Quintile,East,479,11.495209990049915,11.124061561697829,11.866358418402001,5.0,12.0,14.0,0.0,27.5,12.0,12.0,13.024999999999999
2005,1st Quintile,West,537,4.538715321795497,4.2780949788815485,4.799335664709445,1.0,2.0,5.317657779440552,0.0,11.79414444860138,2.0,1.0,2.0
2005,1st Quintile,East,231,5.130884522935781,4.729028176808593,5.532740869062969,1.0,2.0,8.0,0.0,18.5,2.0,1.0,2.0
2005,2nd Quintile,West,1043,7.745212594159829,7.507783580423322,7.982641607896337,2.0,5.0,10.0,0.0,22.0,5.0,5.0,6.0
2005,2nd Quintile,East,464,7.549065851576822,7.204833547792921,7.893298155360723,2.0,5.0,11.0,0.0,24.5,5.0,4.0,6.0
2005,3rd Quintile,West,1760,9.879376193194187,9.677701954363473,10.0810504320249,3.0,7.0,15.0,0.0,33.0,7.0,7.0,8.0
2005,3rd Quintile,East,686,9.32760720837707,9.027196563551932,9.62801785320221,3.0,8.0,13.0,0.0,28.0,8.0,7.0,9.0
2005,4th Quintile,West,2472,11.556690877257795,11.365935116210256,11.747446638305334,3.0,9.0,18.0,0.0,40.5,9.0,8.0,10.0
2005,4th Quintile,East,685,11.460957080738151,11.112724164499943,11.80918999697636,4.0,10.0,15.0,0.0,31.5,10.0,9.0,11.0
2005,5th Quintile,West,3118,14.17094375570017,13.976834343468969,14.365053167931372,4.0,11.0,23.0,0.0,51.5,11.0,10.0,12.0
2005,5th Quintile,East,512,12.36706159930158,11.984119267950915,12.750003930652246,5.0,12.0,15.0,0.0,30.0,12.0,11.0,14.0
2006,1st Quintile,West,507,4.562951175849122,4.2780362322240535,4.84786611947419,1.0,2.0,5.0,0.0,11.0,2.0,2.0,2.0
2006,1st Quintile,East,235,4.637497638602863,4.25915056405547,5.015844713150256,1.0,2.0,6.0,0.0,13.5,2.0,1.0,3.0
2006,2nd Quintile,West,941,7.7001905568390505,7.460499203569311,7.93988191010879,2.0,5.0,11.0,0.0,24.5,5.0,4.0,6.0
2006,2nd Quintile,East,483,6.66694272582608,6.354882200451005,6.979003251201155,1.0,4.0,9.0,0.0,21.0,4.0,3.0,5.0
2006,3rd Quintile,West,1679,10.276524735856658,10.05596877525868,10.497080696454635,3.0,7.0,16.0,0.0,35.5,7.0,6.0,8.0
2006,3rd Quintile,East,623,9.95091105848466,9.608887104351318,10.292935012618003,3.0,8.0,14.0,0.0,30.5,8.0,6.974999999999994,10.0
2006,4th Quintile,West,2256,11.974254271945826,11.769574412140043,12.178934131751609,3.0,9.0,18.0,0.0,40.5,9.0,8.0,10.0
2006,4th Quintile,East,640,11.144390032445445,10.796831382884609,11.491948682006282,4.0,9.0,15.0,0.0,31.5,9.0,7.0,10.0
2006,5th Quintile,West,3003,13.976453797362709,13.779854890889373,14.173052703836044,5.0,11.0,22.0,0.0,47.5,11.0,10.0,12.0
2006,5th Quintile,East,506,13.029765338251153,12.618257867368527,13.441272809133778,6.0,13.0,16.0,0.0,31.0,13.0,12.0,15.0
2007,1st Quintile,West,504,4.877027771836374,4.584187566387919,5.16986797728483,1.0,2.0,6.663998595133052,0.0,15.159996487832629,2.0,1.9749999999999943,3.0
2007,1st Quintile,East,258,4.534101369141732,4.145385724588434,4.92281701369503,1.0,2.0,4.0,0.0,8.5,2.0,2.0,3.0
2007,2nd Quintile,West,1020,7.697437794035899,7.452966778809029,7.941908809262769,1.0,5.0,11.0,0.0,26.0,5.0,4.0,6.0
2007,2nd Quintile,East,405,6.789525683134957,6.436941564257454,7.14210980201246,1.0,4.0,10.0,0.0,23.5,4.0,3.0,5.0
2007,3rd Quintile,West,1719,9.88258684922504,9.66474965234848,10.100424046101601,2.0,7.0,15.0,0.0,34.5,7.0,7.0,8.0
2007,3rd Quintile,East,658,8.404707939367595,8.094080013451778,8.715335865283413,2.0,6.0,13.0,0.0,29.5,6.0,6.0,7.0
2007,4th Quintile,West,2366,11.920083258884492,11.722283359659249,12.117883158109736,3.0,9.0,18.0,0.0,40.5,9.0,8.0,10.0
2007,4th Quintile,East,740,10.995682338377188,10.6722089179338,11.319155758820576,3.0,9.0,16.0,0.0,35.5,9.0,8.0,10.0
2007,5th Quintile,West,3329,13.987077269307882,13.801475166281902,14.172679372333862,5.0,11.0,21.0,0.0,45.0,11.0,10.0,12.0
2007,5th Quintile,East,592,12.581254040685415,12.212365975622355,12.950142105748476,4.0,13.0,17.0,0.0,36.5,13.0,12.0,15.024999999999999
2008,1st Quintile,West,486,4.954926361673437,4.627494529461865,5.28235819388501,1.0,2.0,6.0,0.0,13.5,2.0,2.0,3.0
2008,1st Quintile,East,206,3.9847228384173365,3.610580337053541,4.358865339781132,1.0,2.0,4.077356568354159,0.0,8.693391420885398,2.0,2.0,3.0
2008,2nd Quintile,West,867,7.454275331145545,7.176534938922594,7.732015723368495,1.0,4.0,10.0,0.0,23.5,4.0,3.0,5.0
2008,2nd Quintile,East,396,7.284104871448786,6.914766723174628,7.653443019722944,2.0,4.0,11.0,0.0,24.5,4.0,3.0,5.0
2008,3rd Quintile,West,1550,9.521662802830965,9.306353012988362,9.736972592673569,2.0,7.0,15.0,0.0,34.5,7.0,7.0,8.0
2008,3rd Quintile,East,660,8.969089184146311,8.636531460761354,9.301646907531268,2.0,6.0,14.0,0.0,32.0,6.0,5.0,7.0
2008,4th Quintile,West,2357,11.761273412987595,11.558528129334691,11.9640186966405,3.0,9.0,18.0,0.0,40.5,9.0,9.0,10.0
2008,4th Quintile,East,718,10.581919399697924,10.251108207837133,10.912730591558715,3.0,8.0,16.0,0.0,35.5,8.0,6.0,9.0
2008,5th Quintile,West,3226,14.095879643793365,13.905517841778085,14.286241445808646,5.0,11.0,21.0,0.0,45.0,11.0,10.0,12.0
2008,5th Quintile,East,579,13.630329676495837,13.230307974400702,14.030351378590971,4.0,14.0,18.0,0.0,39.0,14.0,13.0,16.0
2009,1st Quintile,West,421,5.41108090386508,5.031228431721001,5.790933376009159,1.0,2.0,6.0,0.0,13.5,2.0,2.0,3.0
2009,1st Quintile,East,192,2.9013947811641367,2.6348393719123555,3.167950190415918,1.0,1.0,3.0,0.0,6.0,1.0,0.0,1.0
2009,2nd Quintile,West,754,7.361007023791545,7.084025782706067,7.6379882648770225,2.0,4.0,10.0,0.0,22.0,4.0,2.9749999999999943,4.0
2009,2nd Quintile,East,349,7.627879822150473,7.227820232231657,8.027939412069289,1.0,4.0,11.0,0.0,26.0,4.0,2.0,5.0
2009,3rd Quintile,West,1367,9.55015279934449,9.313045696069663,9.787259902619317,2.0,6.0,16.0,0.0,37.0,6.0,5.0,6.0
2009,3rd Quintile,East,557,8.284046699139466,7.94114563802395,8.626947760254984,2.0,5.0,13.0,0.0,29.5,5.0,3.0,6.0
2009,4th Quintile,West,2134,11.386546670155184,11.171008899657119,11.602084440653249,2.0,8.0,18.0,0.0,42.0,8.0,7.0,9.0
2009,4th Quintile,East,688,11.334411372702911,10.9755480931286,11.693274652277223,3.0,9.0,18.0,0.0,40.5,9.0,8.0,10.0
2009,5th Quintile,West,3174,14.454859762738353,14.260991885650917,14.64872763982579,5.0,12.0,22.0,0.0,47.5,12.0,11.0,13.0
2009,5th Quintile,East,648,13.111824650447188,12.736207218356899,13.487442082537477,4.0,13.0,18.0,0.0,39.0,13.0,11.0,16.0
2010,1st Quintile,West,335,6.214399308275611,5.753060209890247,6.675738406660974,1.0,2.0,8.0,0.0,18.5,2.0,1.0,2.0
2010,1st Quintile,East,176,4.368228028618794,3.90637646231929,4.830079594918298,1.0,1.1098314716702964,5.0,0.0,11.0,2.0,1.0,3.0
2010,2nd Quintile,West,644,7.051460097519555,6.750153309326202,7.352766885712907,1.0,4.0,10.0,0.0,23.5,4.0,3.0,5.0
2010,2nd Quintile,East,282,6.738028034011563,6.338727927620327,7.1373281404028,2.0,4.0,12.0,0.0,27.0,4.0,3.9749999999999943,6.0
2010,3rd Quintile,West,1163,10.085594017845876,9.816050241331679,10.355137794360074,2.0,7.0,15.0,0.0,34.5,7.0,5.974999999999994,8.0
2010,3rd Quintile,East,498,9.484127831484777,9.100761282909975,9.86749438005958,2.0,6.0,16.0,0.0,37.0,6.0,4.0,7.0
2010,4th Quintile,West,2000,11.747074986984313,11.52329595242125,11.970854021547375,3.0,8.0,19.0,0.0,43.0,8.0,7.0,9.0
2010,4th Quintile,East,666,11.410825447163754,11.04037472042341,11.781276173904098,3.0,9.0,18.0,0.0,40.5,9.0,7.0,11.0
2010,5th Quintile,West,3066,14.457257371503784,14.25895901106109,14.655555731946478,4.0,12.0,22.0,0.0,49.0,12.0,12.0,13.0
2010,5th Quintile,East,613,13.971406786442069,13.565450123570061,14.377363449314077,4.0,13.0,20.0,0.0,44.0,13.0,10.0,15.0
2011,1st Quintile,West,634,3.9529158754557328,3.7092723002061434,4.196559450705322,1.0,2.0,4.0,0.0,8.5,2.0,2.0,3.0
2011,1st Quintile,East,263,3.786716840194825,3.5078650321829548,4.065568648206695,1.0,2.0,5.196690049717499,0.0,11.491725124293747,2.0,1.0,3.0
2011,2nd Quintile,West,1402,6.748953287044037,6.545099008700268,6.952807565387806,1.0,3.0,9.0,0.0,21.0,3.0,2.0,3.0
2011,2nd Quintile,East,527,7.1275311115386755,6.828264914069398,7.426797309007953,2.0,4.0,12.0,0.0,27.0,4.0,3.0,5.0
2011,3rd Quintile,West,1949,9.766720756864716,9.56401541664434,9.969426097085092,2.0,7.0,15.0,0.0,34.5,7.0,6.0,8.0
2011,3rd Quintile,East,692,9.401759599163883,9.082927512551722,9.720591685776045,2.0,7.0,15.0,0.0,34.5,7.0,6.0,9.0
2011,4th Quintile,West,2739,11.66768142618256,11.474596955986685,11.860765896378433,3.0,9.0,19.0,0.0,43.0,9.0,8.0,11.0
2011,4th Quintile,East,792,11.329844948745812,10.996718242070589,11.662971655421035,3.0,9.0,18.0,0.0,40.5,9.0,7.0,11.0
2011,5th Quintile,West,3603,13.774946654588499,13.595278476394913,13.954614832782084,4.0,11.0,21.0,0.0,46.5,11.0,10.0,12.0
2011,5th Quintile,East,680,13.759470493729944,13.38125623813871,14.13768474932118,4.0,12.0,20.0,0.0,44.0,12.0,9.0,13.0
2012,1st Quintile,West,738,3.9997906538092396,3.786088283611066,4.213493024007413,1.0,2.0,4.0,0.0,8.5,2.0,2.0,3.0
2012,1st Quintile,East,303,4.1898434369513735,3.887235565331145,4.492451308571602,1.0,2.0,6.0,0.0,13.5,2.0,1.0,3.0
2012,2nd Quintile,West,1631,7.174082165175492,6.981187098424106,7.366977231926879,1.0,4.0,10.765876626005998,0.0,25.414691565014994,4.0,4.0,5.0
2012,2nd Quintile,East,540,6.636014138578693,6.338423321079864,6.933604956077522,2.0,4.0,9.0,0.0,19.5,4.0,3.0,5.0
2012,3rd Quintile,West,2311,9.422443231814823,9.232638204422283,9.612248259207362,2.0,5.0,14.0,0.0,32.0,5.0,4.0,5.0
2012,3rd Quintile,East,652,9.323695106317489,8.99940819387786,9.647982018757117,3.0,6.0,15.0,0.0,33.0,6.0,4.0,7.0
2012,4th Quintile,West,3126,11.287827162095144,11.109107810359951,11.466546513830338,3.0,8.0,17.0,0.0,38.0,8.0,7.0,9.0
2012,4th Quintile,East,915,12.065497413213237,11.748678881740116,12.382315944686358,4.0,10.0,18.0,0.0,39.0,10.0,9.0,12.0
2012,5th Quintile,West,4199,13.913434207913737,13.748161333062518,14.078707082764955,4.0,11.0,22.0,0.0,49.0,11.0,10.0,12.0
2012,5th Quintile,East,874,14.25491629876654,13.915388458789025,14.594444138744056,5.0,12.0,21.0,0.0,45.0,12.0,10.0,13.0
2013,1st Quintile,West,666,3.7623736465043724,3.554359445077691,3.970387847931054,1.0,2.0,4.0,0.0,8.5,2.0,2.0,3.0
2013,1st Quintile,East,300,3.404399192715193,3.143256780514694,3.665541604915692,1.0,1.0,4.0,0.0,8.5,1.0,0.0,1.0
2013,2nd Quintile,West,1534,6.933749511079769,6.743172380003901,7.124326642155638,1.0,4.0,11.0,0.0,26.0,4.0,4.0,5.0
2013,2nd Quintile,East,561,7.091561177777228,6.777600231259664,7.405522124294792,1.0,4.0,10.0,0.0,23.5,4.0,3.0,5.0
2013,3rd Quintile,West,2255,9.3329880577206,9.143849664036704,9.522126451404496,2.0,5.0,14.0,0.0,32.0,5.0,4.0,5.0
2013,3rd Quintile,East,773,9.39090521908489,9.081811964390923,9.699998473778859,2.0,7.0,14.0,0.0,32.0,7.0,6.0,9.0
2013,4th Quintile,West,3296,11.730700743571171,11.547977731261842,11.913423755880501,3.0,8.0,18.0,0.0,40.5,8.0,7.0,9.0
2013,4th Quintile,East,864,11.816381389270814,11.496503984882674,12.136258793658955,4.0,10.0,19.0,0.0,41.5,10.0,9.0,12.0
2013,5th Quintile,West,4594,14.081920856166716,13.92226072829505,14.241580984038382,4.0,11.0,22.0,0.0,49.0,11.0,10.0,11.0
2013,5th Quintile,East,827,14.991305451121775,14.630584592002515,15.352026310241035,6.0,13.0,22.0,0.0,46.0,13.0,11.0,14.0
2014,1st Quintile,West,890,3.473508073016928,3.308329731157052,3.638686414876804,1.0,1.0,4.0,0.0,8.5,1.0,0.0,1.0
2014,1st Quintile,East,274,5.221412830117757,4.7830779828349215,5.659747677400592,1.0,2.0,6.759131763436521,0.0,15.397829408591303,2.0,1.0,2.0
2014,2nd Quintile,West,1744,6.621476013694193,6.4340881230014295,6.808863904386956,1.0,3.0,9.986158805424344,0.0,23.46539701356086,3.0,2.0,3.0
2014,2nd Quintile,East,532,5.943687477696219,5.6631547073225335,6.224220248069905,1.0,3.0,8.0,0.0,18.5,3.0,2.0,3.0
2014,3rd Quintile,West,2546,8.75895318643264,8.579370585585853,8.938535787279427,2.0,5.0,13.0,0.0,29.5,5.0,5.0,6.0
2014,3rd Quintile,East,683,9.142764391369052,8.818617304597483,9.466911478140622,2.0,6.0,14.0,0.0,32.0,6.0,4.0,7.0
2014,4th Quintile,West,3461,11.140729454173194,10.969526472264235,11.311932436082152,3.0,7.0,17.0,0.0,38.0,7.0,6.0,7.0
2014,4th Quintile,East,821,11.943587518716539,11.610964722051179,12.276210315381899,3.0,10.0,18.0,0.0,40.5,10.0,8.974999999999994,12.0
2014,5th Quintile,West,4851,13.9536397382871,13.796495898936628,14.110783577637571,4.0,11.0,22.0,0.0,49.0,11.0,10.0,11.024999999999999
2014,5th Quintile,East,866,14.45831705790669,14.092134199061547,14.824499916751833,5.0,13.0,22.0,0.0,47.0,13.0,12.0,15.0
2015,1st Quintile,West,696,4.237687009007569,4.0030572302595875,4.472316787755551,1.0,2.0,4.0,0.0,8.5,2.0,2.0,3.0
2015,1st Quintile,East,258,4.235318013200574,3.9067818878985507,4.563854138502598,1.0,2.0,5.0,0.0,11.0,2.0,1.0,3.0
2015,2nd Quintile,West,1425,6.708558008870871,6.489044910902202,6.92807110683954,1.0,3.0,9.0,0.0,21.0,3.0,2.0,3.0
2015,2nd Quintile,East,465,6.7714659788265585,6.432160579557415,7.110771378095702,1.0,4.0,9.0,0.0,21.0,4.0,4.0,5.0
2015,3rd Quintile,West,2213,7.849204739090411,7.668356377140625,8.030053101040197,2.0,4.0,12.0,0.0,27.0,4.0,3.0,4.0
2015,3rd Quintile,East,648,9.205506030060977,8.87125118248251,9.539760877639445,2.0,6.0,13.0,0.0,29.5,6.0,5.0,7.0
2015,4th Quintile,West,3273,10.800295123889182,10.627164126765642,10.973426121012722,3.0,7.0,17.0,0.0,38.0,7.0,7.0,8.0
2015,4th Quintile,East,794,12.130136102587162,11.78513216559894,12.475140039575384,3.0,10.0,18.84580657547507,0.0,42.61451643868767,10.0,9.0,12.0
2015,5th Quintile,West,4812,13.914303780376496,13.755260595196194,14.073346965556798,4.0,11.0,22.0,0.0,49.0,11.0,10.0,12.0
2015,5th Quintile,East,813,15.20388691152308,14.829894519130592,15.577879303915568,6.0,14.0,24.0,0.0,48.0,14.0,13.0,16.0
2016,1st Quintile,West,706,3.216102544881052,3.02316633189407,3.4090387578680343,1.0,1.0,3.0,0.0,6.0,1.0,1.0,1.0
2016,1st Quintile,East,255,4.479650973532045,4.141581603666305,4.817720343397784,1.0,2.0,6.0,0.0,13.5,2.0,1.0,3.0
2016,2nd Quintile,West,1277,6.035136380828975,5.823680613253087,6.246592148404863,1.0,3.0,8.0,0.0,18.5,3.0,2.9749999999999943,4.0
2016,2nd Quintile,East,397,5.160955683346764,4.850516839143832,5.471394527549696,1.0,2.0,6.0,0.0,13.5,2.0,0.0,2.0
2016,3rd Quintile,West,2090,7.794805721075011,7.616944960484321,7.9726664816657005,2.0,4.0,12.0,0.0,27.0,4.0,3.0,4.0
2016,3rd Quintile,East,583,7.937359870017004,7.607006090451666,8.267713649582342,2.0,5.0,11.0,0.0,24.5,5.0,4.0,6.0
2016,4th Quintile,West,3129,10.16115444396535,9.987265481199543,10.335043406731156,2.0,6.0,16.0,0.0,37.0,6.0,5.0,7.0
2016,4th Quintile,East,808,12.427722394039003,12.0781115822513,12.777333205826707,3.0,10.0,18.0,0.0,40.5,10.0,8.0,12.0
2016,5th Quintile,West,4926,13.789609350928586,13.631873369132029,13.947345332725144,4.0,10.0,22.0,0.0,49.0,10.0,9.0,10.0
2016,5th Quintile,East,864,14.836908022186007,14.47697928438508,15.196836759986933,4.0,13.0,24.0,0.0,43.0,13.0,11.0,15.0
2017,1st Quintile,West,822,3.891449204259264,3.682494556339383,4.100403852179144,1.0,1.0,4.0,0.0,8.5,1.0,0.0,1.0
2017,1st Quintile,East,202,4.159275410732548,3.8045921934318843,4.513958628033211,1.0,2.0,7.0,0.0,16.0,2.0,1.0,3.0
2017,2nd Quintile,West,1147,5.2226589471677025,5.02768616967199,5.417631724663415,1.0,3.0,6.0,0.0,13.5,3.0,3.0,4.0
2017,2nd Quintile,East,361,5.966949368889397,5.585016615457429,6.348882122321365,1.0,3.0,8.0,0.0,18.5,3.0,1.0,4.0
2017,3rd Quintile,West,1903,7.722907385613812,7.534802843747252,7.911011927480373,2.0,4.0,11.0,0.0,24.5,4.0,3.0,4.0
2017,3rd Quintile,East,559,7.9230282294551735,7.592879392372709,8.253177066537638,2.0,5.0,11.0,0.0,24.5,5.0,4.0,6.0
2017,4th Quintile,West,2891,10.451458068577017,10.267226561033311,10.635689576120722,2.0,6.582917304329878,16.0,0.0,37.0,7.0,7.0,8.0
2017,4th Quintile,East,759,11.685159072677791,11.31394048827513,12.056377657080454,3.0,8.0,18.0,0.0,40.5,8.0,6.0,9.0
2017,5th Quintile,West,5024,13.655236056771844,13.497878663664777,13.812593449878912,4.0,10.0,22.0,0.0,49.0,10.0,9.0,10.0
2017,5th Quintile,East,906,14.8392955964082,14.493830358178771,15.184760834637627,5.0,13.0,23.0,0.0,44.0,13.0,10.0,15.0
2018,1st Quintile,West,1046,3.363423901891483,3.204100725472858,3.5227470783101076,1.0,1.0,4.0,0.0,8.5,1.0,1.0,1.0
2018,1st Quintile,East,245,3.8298093721021753,3.5184535001145596,4.141165244089791,1.0,1.0,4.0,0.0,8.5,1.0,-1.0,1.0
2018,2nd Quintile,West,1069,5.567705878631413,5.3458471482330845,5.789564609029742,1.0,3.0,7.0,0.0,16.0,3.0,3.0,4.0
2018,2nd Quintile,East,405,5.740757366766212,5.417644453881427,6.063870279650998,1.0,3.0,7.0,0.0,16.0,3.0,2.0,4.0
2018,3rd Quintile,West,1858,7.647343521239036,7.448777770169334,7.845909272308738,1.0,4.0,10.0,0.0,23.5,4.0,4.0,5.0
2018,3rd Quintile,East,594,8.184014508222898,7.882278526192815,8.48575049025298,2.0,6.0,12.0,0.0,27.0,6.0,5.0,7.0
2018,4th Quintile,West,3323,10.124135535526221,9.953020374749647,10.295250696302796,2.0,6.0,16.0,0.0,37.0,6.0,5.0,6.0
2018,4th Quintile,East,918,11.960008908455503,11.622726208116536,12.29729160879447,3.0,9.0,18.0,0.0,40.5,9.0,7.0,11.0
2018,5th Quintile,West,5817,13.384876360487388,13.240228517157275,13.5295242038175,3.0,10.0,21.0,0.0,48.0,10.0,10.0,10.0
2018,5th Quintile,East,1051,14.688633928534209,14.355080804274728,15.02218705279369,5.0,12.0,23.97899658818971,0.0,45.0,12.0,10.0,13.0
2019,1st Quintile,West,947,2.6196762830246514,2.4978185341694736,2.741534031879829,0.0,1.0,3.0,0.0,7.5,1.0,0.9749999999999943,1.0
2019,1st Quintile,East,234,3.243353058932536,2.909054416675741,3.5776517011893314,0.0,1.0,3.7590429621398638,0.0,9.39760740534966,1.0,0.0,1.0
2019,2nd Quintile,West,1075,4.559661048659614,4.401722122113245,4.717599975205983,1.0,3.0,6.0,0.0,13.5,3.0,3.0,4.0
2019,2nd Quintile,East,299,5.099976117135208,4.810105904078496,5.38984633019192,1.0,3.0,7.0,0.0,16.0,3.0,1.0,4.0
2019,3rd Quintile,West,1624,7.415611457674763,7.214801227250254,7.616421688099273,1.0,4.0,10.0,0.0,23.5,4.0,3.0,4.0
2019,3rd Quintile,East,526,8.078048437686165,7.75130480918397,8.404792066188362,2.0,5.0,12.0,0.0,27.0,5.0,3.0,6.0
2019,4th Quintile,West,2846,9.573231739996139,9.39324903289589,9.753214447096388,2.0,5.0,15.0,0.0,34.5,5.0,4.0,5.0
2019,4th Quintile,East,818,11.337792573011205,10.968991040767984,11.706594105254426,2.0,7.0,18.0,0.0,42.0,7.0,4.0,8.0
2019,5th Quintile,West,5839,13.612593529828874,13.465317152794062,13.759869906863686,3.0,10.0,21.0,0.0,48.0,10.0,9.0,11.0
2019,5th Quintile,East,1129,14.448281445132263,14.124189841926853,14.772373048337673,4.0,12.0,23.0,0.0,46.0,12.0,10.0,13.0
2020,1st Quintile,West,760,2.975824161593341,2.81361173204723,3.1380365911394525,1.0,1.0,3.0,0.0,6.0,1.0,1.0,1.0
2020,1st Quintile,East,188,3.8249621862309136,3.4918020356399606,4.158122336821866,1.0,1.0,5.0,0.0,11.0,1.0,-0.025000000000005684,1.0
2020,2nd Quintile,West,1014,5.080247550102963,4.885384393289755,5.275110706916172,1.0,3.0,7.0,0.0,16.0,3.0,3.0,4.0
2020,2nd Quintile,East,273,5.814209707719089,5.395902829629605,6.232516585808572,1.0,3.0,8.0,0.0,18.5,3.0,1.0,4.0
2020,3rd Quintile,West,1307,7.396219148547613,7.182681959308499,7.6097563377867266,2.0,4.0,10.0,0.0,22.0,4.0,3.0,4.0
2020,3rd Quintile,East,454,8.374152922421919,7.976062398340066,8.772243446503772,2.0,5.0,12.0,0.0,27.0,5.0,4.0,6.0
2020,4th Quintile,West,2638,9.869021613319722,9.67659575769395,10.061447468945495,2.0,6.0,15.0,0.0,34.5,6.0,5.0,7.0
2020,4th Quintile,East,789,10.163566970962366,9.824523071131335,10.502610870793397,2.0,7.0,14.0,0.0,32.0,7.0,6.0,8.0
2020,5th Quintile,West,7256,13.11712053993227,12.987526732545597,13.246714347318942,3.0,9.0,20.0,0.0,45.5,9.0,8.0,9.0
2020,5th Quintile,East,1526,14.359229337525,14.080445339015043,14.638013336034959,4.0,12.0,23.0,0.0,47.0,12.0,10.0,13.0
2021,1st Quintile,West,613,3.2429401345033835,3.045998128590323,3.439882140416444,0.0,1.0,3.0,0.0,7.5,1.0,0.0,1.0
2021,1st Quintile,East,116,5.118514957654349,4.404291586104209,5.8327383292044885,1.0,1.0,5.661455796982441,0.0,12.653639492456103,1.0,0.0,1.0
2021,2nd Quintile,West,676,5.73317007862477,5.459438895514553,6.0069012617349875,1.0,2.0,9.0,0.0,21.0,2.0,0.0,2.0
2021,2nd Quintile,East,188,5.824920865099984,5.349152785439302,6.300688944760666,2.0,3.0,6.0,0.0,12.0,3.0,1.0,3.0249999999999995
2021,3rd Quintile,West,902,6.665826699393551,6.412562515987737,6.919090882799365,1.0,4.0,9.0,0.0,21.0,4.0,4.0,5.0
2021,3rd Quintile,East,302,6.727898657163466,6.343962765789358,7.111834548537574,2.0,4.0,9.0,0.0,19.5,4.0,2.0,5.0
2021,4th Quintile,West,1818,8.816471743314949,8.605898590649543,9.027044895980355,2.0,5.0,12.0,0.0,27.0,5.0,4.0,6.0
2021,4th Quintile,East,525,10.301469768385328,9.872959584835789,10.729979951934867,3.0,6.0,15.0,0.0,33.0,6.0,4.0,7.0
2021,5th Quintile,West,5452,12.774925913507905,12.626067920027209,12.923783906988602,3.0,9.0,21.0,0.0,48.0,9.0,8.0,10.0
2021,5th Quintile,East,1158,12.461759900629644,12.157424683612374,12.766095117646914,3.0,9.0,21.0,0.0,48.0,9.0,8.0,10.0
