year,migback,sex,n,mean,mean_lower_confidence,mean_upper_confidence,lower_quartile,boxplot_median,upper_quartile,lower_whisker,upper_whisker,median,median_lower_confidence,median_upper_confidence
1984,No migration background,male,2880,12.661835662751047,12.473222017623085,12.850449307879009,4.0,10.0,19.990312487879553,0.0,43.97578121969889,10.0,9.0,10.0
1984,No migration background,female,1830,8.775242267037882,8.581093754144513,8.969390779931251,3.0,6.0,12.0,0.0,25.5,6.0,6.0,7.0
1984,Direct migration background,male,1453,9.045905188185726,8.848229576561367,9.243580799810085,3.0,7.0,13.0,0.0,28.0,7.0,6.0,8.0
1984,Direct migration background,female,753,7.289616631035974,7.0774023569852575,7.501830905086691,2.0,6.0,11.0,0.0,24.5,6.0,5.0,7.0
1984,Indirect migration background,male,30,4.275256929129444,3.10166110688718,5.448852751371708,0.0,2.0,5.768502253112345,0.0,14.421255632780863,2.0,-2.0250000000000057,4.0
1984,Indirect migration background,female,,,,,,,,,,,,
1985,No migration background,male,2535,12.479266650109643,12.281237271513314,12.677296028705973,4.0,10.0,19.0,0.0,41.5,10.0,9.0,11.0
1985,No migration background,female,1725,8.440074975494818,8.251858586793121,8.628291364196516,2.0,6.0,12.0,0.0,27.0,6.0,6.0,7.0
1985,Direct migration background,male,1212,9.353926536419113,9.139852935363391,9.568000137474835,3.0,7.0,14.0,0.0,30.5,7.0,6.0,7.0
1985,Direct migration background,female,641,7.355842975909043,7.123106239431807,7.58857971238628,3.0,5.0,12.0,0.0,25.5,5.0,3.0,5.0
1985,Indirect migration background,male,30,3.7284602806126643,2.8534365362694736,4.603484024955855,1.0,1.0,3.83140953068513,1.0,8.078523826712825,1.0,-2.0,1.0
1985,Indirect migration background,female,,,,,,,,,,,,
1986,No migration background,male,390,3.9563987651482044,3.6451919106852917,4.267605619611118,1.0,1.0,5.0,0.0,11.0,1.0,1.0,1.0
1986,No migration background,female,261,2.863290533170403,2.5379349742378365,3.1886460921029696,1.0,1.0,2.0,0.0,3.5,1.0,1.0,1.0
1986,Direct migration background,male,128,2.8243460707039594,2.446011582232277,3.2026805591756418,0.0,1.0,3.554122667874272,0.0,8.88530666968568,1.0,1.0,1.0
1986,Direct migration background,female,51,1.5428656815475035,1.1776744119115792,1.9080569511834278,0.0,1.0,1.0,0.0,2.5,1.0,1.0,2.0
1986,Indirect migration background,male,,,,,,,,,,,,
1986,Indirect migration background,female,,,,,,,,,,,,
1987,No migration background,male,465,3.384289928002442,3.114889737017732,3.653690118987152,1.0,1.0,2.0,0.0,3.5,1.0,1.0,1.0
1987,No migration background,female,393,2.0516652352385925,1.8531085514148242,2.2502219190623607,1.0,1.0,1.0,1.0,1.0,1.0,1.0,1.0
1987,Direct migration background,male,178,2.3640558494477584,2.0585496508306873,2.6695620480648294,0.0,1.0,1.0,0.0,2.5,1.0,1.0,1.0
1987,Direct migration background,female,93,1.007326555592101,0.8296807421949436,1.1849723689892584,0.0,1.0,1.0,0.0,2.5,1.0,1.0,1.0
1987,Indirect migration background,male,,,,,,,,,,,,
1987,Indirect migration background,female,,,,,,,,,,,,
1988,No migration background,male,2314,12.584068756897352,12.373047199829546,12.795090313965158,3.0,10.0,20.0,0.0,45.5,10.0,9.0,11.0
1988,No migration background,female,1621,8.634588448038645,8.43158541267493,8.83759148340236,2.0,6.0,13.0,0.0,29.5,6.0,5.0,7.0
1988,Direct migration background,male,1083,9.963456787292388,9.735499427735778,10.191414146848999,3.0,8.0,15.0,0.0,33.0,8.0,6.0,8.0
1988,Direct migration background,female,593,8.272672551307206,7.980451806787501,8.564893295826911,2.0,6.0,13.0,0.0,29.5,6.0,5.0,7.0
1988,Indirect migration background,male,54,3.9241445760201747,3.2460587621540675,4.602230389886282,1.0,2.0,4.0,0.0,8.5,2.0,1.0,3.0
1988,Indirect migration background,female,45,6.9632265197758025,5.754679078597241,8.171773960954363,1.0,3.1778292572920606,7.0,0.0,16.0,4.0,2.0,7.0
1989,No migration background,male,,,,,,,,,,,,
1989,No migration background,female,,,,,,,,,,,,
1989,Direct migration background,male,,,,,,,,,,,,
1989,Direct migration background,female,,,,,,,,,,,,
1989,Indirect migration background,male,,,,,,,,,,,,
1989,Indirect migration background,female,,,,,,,,,,,,
1990,No migration background,male,3910,12.676579118356825,12.508758544816697,12.844399691896953,3.0,10.0,20.0,0.0,45.5,10.0,10.0,11.0
1990,No migration background,female,3137,9.42500693014047,9.268739786934148,9.58127407334679,2.0,6.0,14.0,0.0,32.0,6.0,5.0,6.0
1990,Direct migration background,male,1054,10.844771404181913,10.584827053244904,11.10471575511892,3.0,9.0,17.0,0.0,38.0,9.0,8.0,10.0
1990,Direct migration background,female,613,8.810460920582344,8.500354825226124,9.120567015938564,2.0,6.0,15.0,0.0,34.5,6.0,5.0,7.0
1990,Indirect migration background,male,79,4.071438396127865,3.5424841540076493,4.600392638248081,1.0,3.0,4.0,0.0,8.5,3.0,3.0,4.0249999999999995
1990,Indirect migration background,female,72,4.744597351760702,4.214511388926121,5.274683314595283,2.0,3.0,7.43306344343296,0.0,15.5826586085824,3.0,2.0,4.0
1991,No migration background,male,3736,11.915400273967897,11.742708359520723,12.088092188415072,2.0,9.0,20.0,0.0,47.0,9.0,8.0,10.0
1991,No migration background,female,2922,8.906138707175872,8.745156498805976,9.067120915545768,2.0,6.0,14.0,0.0,32.0,6.0,6.0,7.0
1991,Direct migration background,male,1061,10.981686936212038,10.715937940504555,11.24743593191952,3.0,9.0,18.0,0.0,40.5,9.0,8.0,10.0
1991,Direct migration background,female,637,8.336677660229595,8.03333833153189,8.6400169889273,2.0,5.0,13.475925644180476,0.0,30.689814110451188,5.0,4.0,6.0
1991,Indirect migration background,male,101,3.8753470975576256,3.4186701544912648,4.3320240406239865,1.0,2.0,4.0716631051977625,0.0,8.679157762994407,2.0,1.0,2.0
1991,Indirect migration background,female,93,4.024772362624276,3.5489894589967284,4.500555266251824,1.0,3.0,5.0,0.0,11.0,3.0,2.0,4.0249999999999995
1992,No migration background,male,3513,11.51523626473437,11.339158154899772,11.691314374568966,2.0,7.0,19.0,0.0,44.5,7.0,6.0,7.0
1992,No migration background,female,2709,8.495987086354065,8.33374983052466,8.65822434218347,2.0,5.0,13.0,0.0,29.5,5.0,5.0,6.0
1992,Direct migration background,male,1012,11.005530348867266,10.725476350429359,11.285584347305173,3.0,9.0,18.0,0.0,40.5,9.0,8.0,10.024999999999999
1992,Direct migration background,female,579,8.786634778309432,8.47006164126694,9.103207915351925,2.0,6.0,13.0,0.0,29.5,6.0,5.0,7.0
1992,Indirect migration background,male,110,3.695399439677104,3.247628576277114,4.1431703030770946,1.0,2.0,5.0,0.0,11.0,2.0,1.0,3.0
1992,Indirect migration background,female,101,4.056354862924224,3.662701760438371,4.4500079654100775,1.0,3.0,5.405905439683679,0.0,12.0147635992092,3.0,2.0,4.0
1993,No migration background,male,3381,11.283440628984007,11.110110983879114,11.4567702740889,2.0,7.0,19.0,0.0,44.5,7.0,6.0,7.0
1993,No migration background,female,2646,8.254682334368656,8.095642785087888,8.413721883649425,2.0,5.0,13.0,0.0,29.5,5.0,5.0,6.0
1993,Direct migration background,male,937,11.114343025130307,10.828800605472756,11.399885444787857,3.0,9.0,18.0,0.0,40.0,9.0,7.0,11.0
1993,Direct migration background,female,566,8.520417612997862,8.196678911814557,8.844156314181168,2.0,6.0,13.0,0.0,29.5,6.0,4.0,8.0
1993,Indirect migration background,male,143,3.6561279532586273,3.2811322010607853,4.031123705456469,1.0,2.0,4.0,0.0,8.5,2.0,1.0,2.0
1993,Indirect migration background,female,115,3.6627872354331985,3.3001164701738803,4.025458000692517,1.0,2.0,5.0,0.0,11.0,2.0,1.0,3.0
1994,No migration background,male,3302,11.6131774722036,11.43562489230889,11.790730052098308,3.0,8.0,19.0,0.0,43.0,8.0,8.0,9.0
1994,No migration background,female,2566,8.494866809896465,8.335392301816212,8.654341317976717,2.0,5.0,13.0,0.0,29.5,5.0,5.0,5.0
1994,Direct migration background,male,835,11.128481262280738,10.834089483651853,11.422873040909623,3.0,9.0,18.0,0.0,40.5,9.0,7.0,10.0
1994,Direct migration background,female,517,8.385752691430188,8.069574907868779,8.701930474991597,2.0,5.0,13.0,0.0,29.5,5.0,3.0,6.0
1994,Indirect migration background,male,150,3.4850026378085968,3.091539217836112,3.8784660577810817,1.0,2.0,4.0,0.0,8.5,2.0,1.9749999999999943,3.0
1994,Indirect migration background,female,129,3.6115609656462224,3.3317962683656686,3.8913256629267763,1.0,2.0,5.0,0.0,11.0,2.0,0.0,2.0
1995,No migration background,male,3328,11.307444175420034,11.130535292070471,11.484353058769598,3.0,7.0,18.0,0.0,40.5,7.0,6.0,8.0
1995,No migration background,female,2616,8.592900274573077,8.430665324944476,8.755135224201679,2.0,5.0,13.0,0.0,29.5,5.0,5.0,5.0
1995,Direct migration background,male,948,9.69666520721427,9.419777588083761,9.973552826344779,2.0,6.0,15.0,0.0,34.5,6.0,4.0,7.0
1995,Direct migration background,female,587,7.07704409379791,6.797546828175595,7.356541359420224,2.0,5.0,10.0,0.0,22.0,5.0,5.0,6.0
1995,Indirect migration background,male,161,3.4728358125679013,3.1066603122673992,3.8390113128684034,1.0,2.0,3.418034741415196,0.0,7.04508685353799,2.0,2.0,3.0
1995,Indirect migration background,female,131,5.085296683151894,4.538872235212566,5.631721131091221,1.0,3.0,6.0,0.0,13.5,3.0,2.0,4.0
1996,No migration background,male,3271,11.199683091903353,11.025822171355504,11.373544012451202,3.0,7.0,18.0,0.0,40.5,7.0,6.0,8.0
1996,No migration background,female,2581,8.757844853770118,8.595171697635053,8.920518009905184,2.0,6.0,13.0,0.0,29.5,6.0,6.0,7.0
1996,Direct migration background,male,864,10.083562584049883,9.779938388480804,10.387186779618961,2.176684039888862,7.0,16.0,0.0,36.73497394016671,7.0,6.974999999999994,8.0
1996,Direct migration background,female,558,6.904971787371932,6.625682015815155,7.184261558928709,2.0,4.760000690867253,8.0,0.0,17.0,5.0,5.0,6.0
1996,Indirect migration background,male,168,3.3842228701605994,3.045115818355725,3.723329921965474,1.0,2.0,4.0,0.0,8.5,2.0,2.0,2.0
1996,Indirect migration background,female,139,4.224861834207488,3.922742966163974,4.526980702251001,2.0,3.0,6.0,0.0,12.0,3.0,2.0,4.0
1997,No migration background,male,3158,11.384364154923933,11.206718922323365,11.562009387524501,3.0,7.0,18.0,0.0,40.5,7.0,6.0,7.0
1997,No migration background,female,2527,8.859325597809688,8.696192747622463,9.022458447996913,2.0,6.0,13.0,0.0,29.5,6.0,6.0,7.0
1997,Direct migration background,male,812,10.474865392195152,10.156805816542924,10.79292496784738,3.0,7.0,16.0,0.0,35.5,7.0,6.0,8.0
1997,Direct migration background,female,497,7.385310940627662,7.076105425724804,7.694516455530519,2.0,5.0,9.0,0.0,19.5,5.0,4.0,6.0
1997,Indirect migration background,male,179,3.432092904973075,3.116760361399906,3.747425448546244,1.0,2.0,5.0,0.0,11.0,2.0,1.0,3.0
1997,Indirect migration background,female,151,3.7938999294903475,3.4668284196447723,4.120971439335923,1.0,2.0,5.0,0.0,11.0,2.0,1.0,3.0
1998,No migration background,male,3598,11.311462884292666,11.1452898977027,11.477635870882633,3.0,8.0,18.0,0.0,40.5,8.0,8.0,9.0
1998,No migration background,female,2827,9.277138054775453,9.118812507549874,9.43546360200103,2.0,6.0,13.0,0.0,29.5,6.0,5.0,6.0
1998,Direct migration background,male,784,10.919163493433611,10.579034779303887,11.259292207563336,2.0,8.0,18.58156467050922,0.0,43.45391167627305,8.0,7.0,9.024999999999999
1998,Direct migration background,female,488,7.476498660441822,7.166440011489997,7.786557309393648,2.0,5.0,10.0,0.0,22.0,5.0,3.0,6.0
1998,Indirect migration background,male,186,3.6678693298940823,3.4156212125013377,3.920117447286827,1.0,2.0,5.0,0.0,11.0,2.0,1.0,2.0
1998,Indirect migration background,female,157,3.9335313823183435,3.638213770555836,4.228848994080851,1.0,2.0,5.0,0.0,11.0,2.0,1.0,2.0
1999,No migration background,male,3550,11.048422572438374,10.881257020108324,11.215588124768425,3.0,8.0,18.0,0.0,40.5,8.0,8.0,9.0
1999,No migration background,female,2896,9.112836337456658,8.955023132476006,9.27064954243731,2.0,6.0,13.0,0.0,29.5,6.0,5.0,6.0
1999,Direct migration background,male,721,10.535478589591479,10.183582219337184,10.887374959845774,2.0,7.0,17.0,0.0,39.5,7.0,5.0,8.0
1999,Direct migration background,female,461,7.797296057897265,7.452759498980466,8.141832616814064,2.0,5.0,10.0,0.0,22.0,5.0,4.0,6.0
1999,Indirect migration background,male,201,3.5855479808160027,3.3384520800546067,3.8326438815773987,1.0,3.0,5.0,0.0,11.0,3.0,3.0,4.0
1999,Indirect migration background,female,166,4.707095824655452,4.359276752868876,5.054914896442028,1.0,3.0,7.0,0.0,16.0,3.0,2.0,4.0
2000,No migration background,male,6260,11.47045074236263,11.342604723369583,11.598296761355677,3.0,8.0,18.0,0.0,40.5,8.0,7.0,8.0
2000,No migration background,female,5086,9.089723921578482,8.969332660739497,9.210115182417468,2.0,6.0,13.0,0.0,29.5,6.0,5.0,6.0
2000,Direct migration background,male,1049,8.952293012605493,8.691680188350938,9.212905836860047,2.0,6.0,13.0,0.0,29.5,6.0,5.0,7.0
2000,Direct migration background,female,739,7.328758190152939,7.056936090425069,7.60058028988081,2.0,5.0,10.0,0.0,22.0,5.0,5.0,6.0
2000,Indirect migration background,male,269,3.63631334211759,3.420888291367269,3.851738392867911,1.0,2.0,5.0,0.0,11.0,2.0,1.0,2.0
2000,Indirect migration background,female,211,4.600729356750034,4.278455874739622,4.923002838760446,1.0,3.0,6.0,0.0,13.5,3.0,2.0,4.0
2001,No migration background,male,5670,11.571096608191093,11.435926506115512,11.706266710266673,3.0,9.0,18.0,0.0,40.5,9.0,9.0,10.0
2001,No migration background,female,4760,9.22472658020624,9.09927161098168,9.350181549430802,2.0,6.0,13.0,0.0,29.5,6.0,5.0,6.0
2001,Direct migration background,male,927,8.825093630527178,8.550037272699315,9.10014998835504,2.0,6.0,12.0,0.0,27.0,6.0,6.0,7.0
2001,Direct migration background,female,678,7.1947180708360285,6.917758126260128,7.471678015411929,1.0,4.0,10.0,0.0,23.5,4.0,3.0,4.0
2001,Indirect migration background,male,258,3.6066559086175487,3.379294239778451,3.8340175774566463,1.0,2.937123890530379,4.0,0.0,8.5,3.0,3.0,4.0
2001,Indirect migration background,female,196,4.54061334901559,4.2137918867857564,4.867434811245424,1.0,2.0,6.886086899501721,0.0,15.715217248754303,2.0,0.0,2.0
2002,No migration background,male,6085,11.861477998463023,11.730523519011982,11.992432477914065,3.0,9.0,18.0,0.0,40.5,9.0,9.0,10.0
2002,No migration background,female,5207,9.323231374971956,9.202799368324914,9.443663381618997,2.0,6.0,13.0,0.0,29.5,6.0,5.0,6.0
2002,Direct migration background,male,870,8.708098616281681,8.424024655439412,8.99217257712395,2.0,5.0,12.0,0.0,27.0,5.0,4.0,6.0
2002,Direct migration background,female,647,7.420699334240771,7.135929355830114,7.705469312651428,2.0,4.0,10.0,0.0,22.0,4.0,2.0,4.0
2002,Indirect migration background,male,249,4.342298697543855,4.066645765422112,4.6179516296655985,1.0,3.0,5.0,0.0,11.0,3.0,2.0,4.0
2002,Indirect migration background,female,213,4.935886480784603,4.567438603256012,5.304334358313194,1.0,3.0,7.0,0.0,16.0,3.0,2.0,4.0
2003,No migration background,male,5730,11.979007193988213,11.844019800326354,12.113994587650073,3.0,9.0,18.0,0.0,40.5,9.0,9.0,10.0
2003,No migration background,female,4962,9.73841444809853,9.611139632045658,9.865689264151401,2.0,7.0,14.0,0.0,32.0,7.0,7.0,8.0
2003,Direct migration background,male,764,9.077697255467891,8.776174270200354,9.379220240735428,3.0,6.0,13.0,0.0,28.0,6.0,5.0,7.0
2003,Direct migration background,female,619,7.701535569366393,7.40568319362107,7.997387945111716,2.0,5.0,11.0,0.0,24.5,5.0,4.0,6.0
2003,Indirect migration background,male,243,4.644413372642214,4.355859216137585,4.932967529146843,1.0,3.0,6.0,0.0,13.5,3.0,2.0,4.0
2003,Indirect migration background,female,219,5.155875803987664,4.793814244680544,5.517937363294784,1.0,3.0,8.0,0.0,18.5,3.0,2.0,4.0
2004,No migration background,male,5524,12.238883128003499,12.099913475047002,12.377852780959996,3.0,9.0,19.0,0.0,43.0,9.0,8.0,10.0
2004,No migration background,female,4867,9.820013251872435,9.692801637768742,9.947224865976128,3.0,7.0,14.0,0.0,30.5,7.0,7.0,8.0
2004,Direct migration background,male,727,9.148220968305951,8.84119621999077,9.455245716621132,3.0,6.0,13.0,0.0,28.0,6.0,5.0,7.0
2004,Direct migration background,female,575,8.044145484356148,7.7416106472268424,8.346680321485454,2.0,5.0,12.0,0.0,27.0,5.0,3.9749999999999943,6.0
2004,Indirect migration background,male,244,4.7445212425189185,4.4372013964965324,5.0518410885413045,2.0,3.0,6.0,0.0,12.0,3.0,3.0,4.0
2004,Indirect migration background,female,214,5.390703124847488,5.0096180489763205,5.771788200718656,1.0,3.0,8.0,0.0,18.5,3.0,2.0,4.0
2005,No migration background,male,5205,12.00515716440706,11.864262665385207,12.146051663428912,3.0,9.0,19.0,0.0,43.0,9.0,9.0,10.0
2005,No migration background,female,4629,9.928807165968209,9.799678559662713,10.057935772273705,3.0,7.0,15.0,0.0,33.0,7.0,7.0,8.0
2005,Direct migration background,male,648,9.276646962134413,8.947128493869608,9.606165430399217,2.0,6.0,14.0,0.0,32.0,6.0,5.0,6.0
2005,Direct migration background,female,562,7.913924090624691,7.597511104387064,8.230337076862318,2.0,5.0,12.0,0.0,27.0,5.0,4.0,5.0
2005,Indirect migration background,male,251,4.580122698686398,4.281563265784474,4.878682131588322,1.0,3.0,6.0,0.0,13.5,3.0,2.0,4.0
2005,Indirect migration background,female,213,5.860026992220681,5.489945160034995,6.230108824406368,2.0,4.0,9.0,0.0,19.5,4.0,2.0,5.0
2006,No migration background,male,5493,11.969419653857397,11.830938332984038,12.107900974730756,3.0,9.0,18.0,0.0,40.5,9.0,9.0,10.0
2006,No migration background,female,4960,10.160154063020551,10.031361386891213,10.288946739149889,3.0,7.0,15.0,0.0,33.0,7.0,7.0,8.0
2006,Direct migration background,male,662,9.63632259890044,9.296600891132607,9.976044306668273,3.0,7.0,14.0,0.0,30.5,7.0,7.0,8.0
2006,Direct migration background,female,572,8.293110465060918,7.964004007302694,8.622216922819144,2.0,6.0,12.0,0.0,27.0,6.0,5.0,7.0
2006,Indirect migration background,male,250,5.339748343400622,5.013241823357664,5.66625486344358,1.0,3.4618739627168624,8.0,0.0,18.5,3.0,1.0,3.0
2006,Indirect migration background,female,231,5.151777609689215,4.802562023321761,5.500993196056668,1.0,3.0,8.0,0.0,18.5,3.0,2.0,4.0
2007,No migration background,male,5249,12.066432168442283,11.924171638199674,12.208692698684892,3.0,9.0,19.0,0.0,43.0,9.0,9.0,10.0
2007,No migration background,female,4754,10.133104935638793,10.000508615564515,10.26570125571307,2.0,7.0,16.0,0.0,37.0,7.0,7.0,7.0
2007,Direct migration background,male,579,9.816307149798572,9.458865259256829,10.173749040340315,3.0,7.0,15.0,0.0,33.0,7.0,6.0,7.0
2007,Direct migration background,female,509,8.534070544645939,8.187634419299506,8.880506669992371,2.0,6.0,12.0,0.0,27.0,6.0,5.0,7.0
2007,Indirect migration background,male,259,4.8591383037836655,4.535163902063147,5.183112705504184,1.0,3.0,6.0,0.0,13.5,3.0,2.0,4.0
2007,Indirect migration background,female,241,5.6072196382945005,5.254299611279635,5.960139665309366,1.0,3.0,8.831984815474083,0.0,20.57996203868521,3.0,1.0,3.0
2008,No migration background,male,4944,12.227002316684768,12.078528428626385,12.375476204743151,3.0,9.0,19.0,0.0,43.0,9.0,9.0,10.0
2008,No migration background,female,4573,10.28867739814868,10.149683607182368,10.427671189114992,2.0,7.0,16.0,0.0,37.0,7.0,6.0,7.0
2008,Direct migration background,male,529,9.58598088178552,9.208340173806366,9.963621589764674,2.0,7.0,15.0,0.0,34.5,7.0,6.0,8.024999999999999
2008,Direct migration background,female,497,8.22371916941509,7.878458487323208,8.568979851506974,2.0,6.0,12.0,0.0,27.0,6.0,5.0,7.0
2008,Indirect migration background,male,266,5.085570360453159,4.7511688974612065,5.419971823445111,1.0,3.0,8.0,0.0,18.5,3.0,2.0,4.0
2008,Indirect migration background,female,236,5.644834340935194,5.264067648472231,6.025601033398157,1.0,3.0,9.0,0.0,21.0,3.0,2.0,4.0
2009,No migration background,male,4598,12.417868117753022,12.26161988685864,12.574116348647404,3.0,9.0,19.0,0.0,43.0,9.0,8.0,10.0
2009,No migration background,female,4341,10.42367631150128,10.278891631840766,10.568460991161794,2.0,7.0,16.0,0.0,37.0,7.0,6.0,7.0
2009,Direct migration background,male,440,10.1690832134501,9.760732320723678,10.577434106176524,3.0,8.0,15.0,0.0,33.0,8.0,6.0,9.0
2009,Direct migration background,female,445,8.261994957062315,7.8601937941576105,8.66379611996702,2.0,5.0,12.0,0.0,27.0,5.0,4.0,6.0
2009,Indirect migration background,male,240,5.0214570923104285,4.660699435729392,5.382214748891465,1.0,2.0,6.0,0.0,13.5,2.0,0.9749999999999943,2.0
2009,Indirect migration background,female,220,6.3905378221031475,5.984716232773571,6.796359411432724,2.0,4.0,10.0,0.0,22.0,4.0,2.0,5.0
2010,No migration background,male,6053,12.806762131583948,12.669315178355866,12.94420908481203,3.0,10.0,20.0,0.0,45.5,10.0,10.0,11.0
2010,No migration background,female,5738,10.403350142160674,10.277861427071725,10.528838857249623,2.0,7.0,17.0,0.0,39.5,7.0,6.0,7.0
2010,Direct migration background,male,880,10.021730420149316,9.744090919550862,10.29936992074777,3.0,8.0,15.0,0.0,33.0,8.0,6.0,9.0
2010,Direct migration background,female,630,8.12849733864671,7.80377814803466,8.45321652925876,2.0,5.0,11.0,0.0,24.5,5.0,3.0,6.0
2010,Indirect migration background,male,359,5.715403762694205,5.410508150345037,6.020299375043373,1.4665951669350394,3.0,9.0,0.0,20.30010724959744,3.0,1.9749999999999943,3.0
2010,Indirect migration background,female,285,6.574172163885836,6.190769004423182,6.9575753233484905,1.0,4.0,10.0,0.0,23.5,4.0,2.0,5.0
2011,No migration background,male,7045,12.468474290622542,12.341385621384418,12.595562959860665,3.0,9.0,20.0,0.0,45.5,9.0,8.0,9.0
2011,No migration background,female,7169,10.63017353605345,10.514984865960026,10.745362206146874,2.0,7.0,17.0,0.0,39.5,7.0,6.0,7.0
2011,Direct migration background,male,961,9.325033962450005,9.05635531014989,9.593712614750121,2.0,6.0,15.0,0.0,34.5,6.0,4.0,7.0
2011,Direct migration background,female,848,8.198203764019988,7.928358356487043,8.468049171552932,2.0,5.0,12.0,0.0,27.0,5.0,3.0,5.0249999999999995
2011,Indirect migration background,male,410,5.6336203160299245,5.344736617711711,5.922504014348138,1.0,3.0,9.0,0.0,21.0,3.0,2.0,3.0
2011,Indirect migration background,female,388,6.326181542700368,6.004245038430853,6.648118046969883,1.0,4.0,9.0,0.0,21.0,4.0,2.9749999999999943,6.0
2012,No migration background,male,6825,12.573604162860793,12.444861002000584,12.702347323721002,3.0,9.0,20.0,0.0,45.5,9.0,8.0,9.0
2012,No migration background,female,7132,10.78521742803573,10.668769531833515,10.901665324237946,2.0,7.0,17.0,0.0,39.5,7.0,6.0,7.0
2012,Direct migration background,male,961,8.78259309053741,8.537922506946545,9.027263674128276,2.0,6.0,14.0,0.0,32.0,6.0,5.0,7.0
2012,Direct migration background,female,881,8.157021859122077,7.889884000282263,8.42415971796189,2.0,5.0,12.0,0.0,27.0,5.0,4.0,6.0
2012,Indirect migration background,male,422,6.29830117946682,5.978249076161553,6.6183532827720875,1.0,3.0,10.0,0.0,23.5,3.0,1.0,3.0
2012,Indirect migration background,female,382,6.096737464277395,5.758853711930156,6.434621216624635,1.0,3.0,9.375260713881355,0.0,21.938151784703386,3.0,1.0,4.0
2013,No migration background,male,6531,12.738025706545137,12.603589580757012,12.872461832333263,3.0,9.0,21.0,0.0,48.0,9.0,8.0,9.0
2013,No migration background,female,6942,10.750082827051974,10.63202405578331,10.868141598320639,2.0,7.0,17.0,0.0,39.5,7.0,6.0,7.0
2013,Direct migration background,male,2098,7.880259369190713,7.718545984503505,8.041972753877921,2.0,5.0,12.0,0.0,27.0,5.0,4.0,6.0
2013,Direct migration background,female,2007,7.074058138137227,6.912384305986579,7.235731970287875,2.0,4.0,11.0,0.0,24.5,4.0,3.0,4.0249999999999995
2013,Indirect migration background,male,714,5.623619967346903,5.387283354411158,5.859956580282647,1.0,3.0,7.0,0.0,16.0,3.0,2.0,4.0
2013,Indirect migration background,female,622,6.111704528317829,5.846199835502435,6.377209221133223,1.0,3.0,9.448392036184142,0.0,22.120980090460357,3.0,2.0,3.0
2014,No migration background,male,5946,12.831868432369863,12.688258680898246,12.97547818384148,3.0,9.0,21.0,0.0,48.0,9.0,8.0,10.0
2014,No migration background,female,6284,10.936618631057577,10.810174368820865,11.063062893294289,2.0,7.0,17.0,0.0,39.5,7.0,6.0,7.0
2014,Direct migration background,male,1695,8.194046547071965,8.010341847805341,8.377751246338589,2.0,5.0,13.0,0.0,29.5,5.0,4.0,6.0
2014,Direct migration background,female,1601,7.31606183464446,7.1246483809734205,7.507475288315499,1.0,4.0,11.0,0.0,26.0,4.0,3.0,4.0
2014,Indirect migration background,male,574,5.80318832513303,5.537171682993859,6.069204967272202,1.0,3.0,7.0,0.0,16.0,3.0,2.0,4.0
2014,Indirect migration background,female,568,5.965988010860411,5.694801246828492,6.237174774892329,1.0,3.0,9.0,0.0,21.0,3.0,3.0,4.0
2015,No migration background,male,5592,12.58534931105454,12.438071378821212,12.732627243287867,3.0,9.0,20.0,0.0,45.5,9.0,8.0,10.0
2015,No migration background,female,5987,11.08559951793603,10.954240762714562,11.216958273157498,2.0,7.0,17.0,0.0,39.5,7.0,6.0,7.0
2015,Direct migration background,male,1996,8.04538944465767,7.866784528697978,8.223994360617365,2.0,5.0,12.0,0.0,27.0,5.0,5.0,6.0
2015,Direct migration background,female,1807,6.390154275989766,6.224724320375735,6.555584231603797,1.0,4.0,9.0,0.0,21.0,4.0,4.0,5.0
2015,Indirect migration background,male,544,6.014401044035772,5.7329482545906645,6.295853833480879,2.0,3.0,8.0,0.0,17.0,3.0,2.0,3.0
2015,Indirect migration background,female,517,5.931397435358115,5.626581372029163,6.236213498687068,1.0,3.0,8.0,0.0,18.5,3.0,2.0,4.0
2016,No migration background,male,5167,12.521409192122427,12.367474785290625,12.675343598954228,3.0,9.0,20.0,0.0,45.5,9.0,8.0,10.0
2016,No migration background,female,5635,11.278167709269127,11.141261592985582,11.415073825552671,2.0,7.0,18.0,0.0,42.0,7.0,6.0,7.0
2016,Direct migration background,male,1902,7.764907302888374,7.590574483440077,7.939240122336671,2.0,4.0,13.0,0.0,29.5,4.0,3.0,4.0
2016,Direct migration background,female,1658,6.788061667467112,6.615183994022161,6.960939340912063,1.0,4.0,10.0,0.0,23.5,4.0,3.0,5.0
2016,Indirect migration background,male,499,6.3917765250565495,6.086476243574124,6.697076806538975,1.0,4.0,9.0,0.0,21.0,4.0,3.0,5.0
2016,Indirect migration background,female,511,5.642042436810795,5.378848197424994,5.905236676196595,1.0,3.0,8.0,0.0,18.5,3.0,2.0,3.0
2017,No migration background,male,6119,12.480301619258494,12.339735697399552,12.620867541117436,3.0,9.0,20.0,0.0,45.5,9.0,9.0,10.0
2017,No migration background,female,6565,11.322054626978966,11.19198692966179,11.452122324296143,2.0,7.0,18.0,0.0,42.0,7.0,6.0,7.0
2017,Direct migration background,male,2037,8.697562057798823,8.514847297168536,8.88027681842911,2.0,6.0,14.0,0.0,32.0,6.0,6.0,7.0
2017,Direct migration background,female,1646,6.681993353838368,6.5163269527288215,6.847659754947914,1.0,4.0,10.0,0.0,23.5,4.0,3.0,5.0
2017,Indirect migration background,male,545,6.340041337053003,6.045768066556706,6.6343146075493,1.0,4.0,9.0,0.0,21.0,4.0,3.0,5.0
2017,Indirect migration background,female,565,5.637029789609005,5.368279242065689,5.905780337152321,1.0,3.0,7.0,0.0,16.0,3.0,2.9749999999999943,4.0
2018,No migration background,male,5831,12.471581946317727,12.32702027306935,12.616143619566104,3.0,8.0,20.0,0.0,45.5,8.0,7.0,8.0
2018,No migration background,female,6267,11.390441157941446,11.256936681932086,11.523945633950806,2.0,7.0,18.0,0.0,42.0,7.0,6.0,7.0
2018,Direct migration background,male,2208,8.007323040758623,7.828143198418721,8.186502883098523,1.0,5.0,11.0,0.0,26.0,5.0,5.0,6.0
2018,Direct migration background,female,1655,6.983212424576672,6.817050798591058,7.149374050562285,2.0,5.0,10.0,0.0,22.0,5.0,5.0,6.0
2018,Indirect migration background,male,549,6.407539407289435,6.086239899989562,6.728838914589308,1.0,3.0,9.0,0.0,21.0,3.0,2.0,4.0
2018,Indirect migration background,female,565,5.612633162970919,5.346289469073393,5.878976856868445,1.0,3.0,7.0,0.0,16.0,3.0,3.0,4.0
2019,No migration background,male,6602,12.62402739779189,12.48662155632487,12.76143323925891,3.0,8.0,20.0,0.0,45.5,8.0,7.0,8.0
2019,No migration background,female,6480,11.571103305126233,11.437197798885109,11.705008811367357,2.0,7.0,19.0,0.0,44.5,7.0,6.0,7.0
2019,Direct migration background,male,2198,7.716149999629226,7.542903776031899,7.889396223226553,1.0,4.0,11.0,0.0,26.0,4.0,3.0,4.0
2019,Direct migration background,female,1511,7.125393201603797,6.953899282559283,7.29688712064831,2.0,5.0,10.0,0.0,22.0,5.0,4.0,6.0
2019,Indirect migration background,male,553,7.176809085183882,6.8434361086642035,7.51018206170356,1.0,4.0,11.0,0.0,26.0,4.0,3.0,5.0
2019,Indirect migration background,female,570,6.124992615947152,5.832137974195967,6.4178472576983365,1.0,3.0,8.0,0.0,18.5,3.0,2.0,4.0
2020,No migration background,male,5856,12.591665240273025,12.447574132251818,12.735756348294233,3.0,8.0,20.0,0.0,45.5,8.0,7.0,8.0
2020,No migration background,female,5990,11.39502426083926,11.25710351759172,11.532945004086802,2.0,7.0,19.0,0.0,44.5,7.0,6.0,7.0
2020,Direct migration background,male,3317,7.819182216464466,7.677560632417002,7.960803800511931,2.0,4.0,11.0,0.0,24.5,4.0,3.0,4.0249999999999995
2020,Direct migration background,female,1991,7.032181755906386,6.88042810613019,7.183935405682582,2.0,4.0,10.0,0.0,22.0,4.0,3.0,4.0
2020,Indirect migration background,male,545,7.854417211299928,7.486493499122611,8.222340923477246,2.0,4.0,12.0,0.0,27.0,4.0,2.9749999999999943,5.0
2020,Indirect migration background,female,549,6.638573814858379,6.333563370809183,6.943584258907575,1.0,3.0,9.0,0.0,21.0,3.0,2.0,3.0
2021,No migration background,male,4020,12.411270759217834,12.237523231458377,12.58501828697729,3.0,8.0,20.0,0.0,45.5,8.0,7.0,8.0
2021,No migration background,female,4234,10.715824057422669,10.557310295948431,10.874337818896906,2.0,7.0,17.0,0.0,39.5,7.0,7.0,8.0
2021,Direct migration background,male,1810,7.398836881342634,7.214496864438673,7.583176898246594,2.0,4.0,11.0,0.0,24.5,4.0,3.0,5.0
2021,Direct migration background,female,1157,7.604881366773354,7.38419662662422,7.825566106922487,2.0,5.0,12.0,0.0,27.0,5.0,4.0,7.0
2021,Indirect migration background,male,321,8.757475547227637,8.254158689748293,9.260792404706981,2.0,6.0,13.0,0.0,29.5,6.0,4.0,8.0
2021,Indirect migration background,female,348,6.205685727080895,5.823311086762373,6.588060367399417,1.0,3.0,8.0,0.0,18.5,3.0,1.0,4.0
