year,age_gr,quintil_oecd,n,mean,mean_lower_confidence,mean_upper_confidence,lower_quartile,boxplot_median,upper_quartile,lower_whisker,upper_whisker,median,median_lower_confidence,median_upper_confidence
1984,18-29 y.,1st Quintile,1137,3.2836155945896937,3.191592648601552,3.3756385405778353,1.0,2.0,4.0,0.0,8.5,2.0,1.0,2.0
1984,18-29 y.,2nd Quintile,598,4.631407623919046,4.492861744496075,4.769953503342016,2.0,4.0,7.0,0.0,14.5,4.0,4.0,5.0
1984,18-29 y.,3rd Quintile,205,4.800580360786704,4.575797361484528,5.025363360088879,2.0,4.0,7.0,0.0,14.0,4.0,3.0,4.0
1984,18-29 y.,4th Quintile,31,4.474398036222164,3.8179689787132958,5.130827093731032,1.0,3.0,5.883672130715971,0.0,13.0,3.0,1.0,4.0
1984,18-29 y.,5th Quintile,,,,,,,,,,,,
1984,30-45 y.,1st Quintile,1595,9.510995467969112,9.33643826779737,9.685552668140854,3.0,8.0,14.0,0.0,30.5,8.0,7.0,9.0
1984,30-45 y.,2nd Quintile,779,10.218651345829453,9.978939272297243,10.458363419361664,4.0,9.60305810327917,15.0,0.0,31.5,10.0,10.0,11.024999999999999
1984,30-45 y.,3rd Quintile,317,9.777312979005888,9.433994541054904,10.120631416956872,4.0,9.0,14.0,0.0,29.0,9.0,8.0,10.0
1984,30-45 y.,4th Quintile,130,10.390998076425738,9.841347010025304,10.940649142826173,5.0,10.0,15.0,0.0,29.0,10.0,9.0,12.0
1984,30-45 y.,5th Quintile,49,8.989349966829847,8.075764454111624,9.90293547954807,3.8144233139201353,7.727626994362476,13.0,1.0,26.0,8.0,6.0,11.0
1984,46-65 y.,1st Quintile,1011,15.969324092973636,15.648030810887631,16.29061737505964,7.0,14.0,24.0,0.0,46.0,14.0,13.0,14.0
1984,46-65 y.,2nd Quintile,589,18.959713761408644,18.52673749157478,19.392690031242505,10.0,18.0,27.0,0.0,49.0,18.0,17.0,20.0
1984,46-65 y.,3rd Quintile,292,18.372747829892766,17.750778573717593,18.99471708606794,10.0,16.0,27.0,0.0,52.5,16.0,13.0,17.0
1984,46-65 y.,4th Quintile,129,20.242664542174122,19.330902744393967,21.154426339954277,12.0,21.0,28.0,0.0,43.0,21.0,19.0,22.0
1984,46-65 y.,5th Quintile,42,20.248497437468828,18.74177214977068,21.755222725166977,11.79706079914109,18.0,28.971746729441186,5.0,48.0,18.0,11.0,23.0
1984,66 and older,1st Quintile,,,,,,,,,,,,
1984,66 and older,2nd Quintile,,,,,,,,,,,,
1984,66 and older,3rd Quintile,,,,,,,,,,,,
1984,66 and older,4th Quintile,,,,,,,,,,,,
1984,66 and older,5th Quintile,,,,,,,,,,,,
1985,18-29 y.,1st Quintile,1000,3.1761868539264704,3.086840513282892,3.2655331945700485,1.0,2.0,4.0,0.0,8.5,2.0,1.0,2.0
1985,18-29 y.,2nd Quintile,543,4.23712399601925,4.1039575578719,4.370290434166599,2.0,3.0,6.0,0.0,12.0,3.0,2.0,3.0
1985,18-29 y.,3rd Quintile,221,4.582253209914906,4.387734072596335,4.776772347233476,2.0,4.0,7.0,0.0,13.0,4.0,3.0,4.0
1985,18-29 y.,4th Quintile,,,,,,,,,,,,
1985,18-29 y.,5th Quintile,,,,,,,,,,,,
1985,30-45 y.,1st Quintile,1307,9.124595974497778,8.935922266084173,9.313269682911383,3.0,8.0,14.0,0.0,30.5,8.0,8.0,9.0
1985,30-45 y.,2nd Quintile,679,9.947199214569077,9.697266943949002,10.197131485189152,5.0,9.0,15.0,0.0,30.0,9.0,8.0,10.0
1985,30-45 y.,3rd Quintile,337,10.53901144268223,10.174012159916531,10.90401072544793,5.0,10.0,15.0,0.0,30.0,10.0,9.0,12.0
1985,30-45 y.,4th Quintile,119,10.38936666812063,9.85182348502933,10.92690985121193,5.0,10.0,15.0,0.0,28.0,10.0,8.0,12.0
1985,30-45 y.,5th Quintile,41,10.152611035983515,9.0216633182956,11.28355875367143,3.042743826649718,7.621623912633026,15.93015841144801,0.0,25.0,9.0,4.0,13.0
1985,46-65 y.,1st Quintile,835,15.97441998430138,15.626765025615674,16.322074942987083,7.0,15.0,23.0,0.0,45.0,15.0,15.0,17.0
1985,46-65 y.,2nd Quintile,583,18.317397472817145,17.8881634446915,18.74663150094279,10.0,16.0,27.0,0.0,49.0,16.0,13.0,17.0
1985,46-65 y.,3rd Quintile,291,18.04127140765165,17.474834889340446,18.607707925962853,10.0,18.0,25.0,0.0,47.0,18.0,16.0,20.0
1985,46-65 y.,4th Quintile,101,21.059372352948884,20.068157503657677,22.05058720224009,13.0,22.0,29.0,0.0,44.0,22.0,19.0,26.0
1985,46-65 y.,5th Quintile,41,17.81411832973515,16.338499013526867,19.289737645943436,8.0,16.0,27.819310613641555,2.0,35.0,16.0,7.0,21.0
1985,66 and older,1st Quintile,,,,,,,,,,,,
1985,66 and older,2nd Quintile,,,,,,,,,,,,
1985,66 and older,3rd Quintile,,,,,,,,,,,,
1985,66 and older,4th Quintile,,,,,,,,,,,,
1985,66 and older,5th Quintile,,,,,,,,,,,,
1986,18-29 y.,1st Quintile,262,1.0760090746831787,0.9970212555266845,1.154996893839673,0.0,1.0,1.0,0.0,2.5,1.0,1.0,1.0
1986,18-29 y.,2nd Quintile,159,2.111144732197818,1.9025528679046595,2.319736596490976,1.0,1.0,2.1079861915537252,0.0,3.769965478884313,1.0,1.0,1.0
1986,18-29 y.,3rd Quintile,75,1.9088671913861412,1.6761961914347718,2.141538191337511,1.0,1.0,2.0,0.0,3.5,1.0,1.0,1.0
1986,18-29 y.,4th Quintile,,,,,,,,,,,,
1986,18-29 y.,5th Quintile,,,,,,,,,,,,
1986,30-45 y.,1st Quintile,123,4.686504756080365,4.111831367993259,5.26117814416747,1.0,1.0,8.081040244610938,0.0,18.702600611527345,1.0,1.0,1.0
1986,30-45 y.,2nd Quintile,84,4.6981605827736175,4.059478411248859,5.336842754298376,1.0,1.0,6.410845199930418,0.0,14.527112999826045,1.0,0.0,1.0
1986,30-45 y.,3rd Quintile,41,5.614209028817969,4.696582529567676,6.531835528068262,1.0,2.0,12.0,0.0,23.0,2.0,-3.075000000000017,3.0
1986,30-45 y.,4th Quintile,,,,,,,,,,,,
1986,30-45 y.,5th Quintile,,,,,,,,,,,,
1986,46-65 y.,1st Quintile,,,,,,,,,,,,
1986,46-65 y.,2nd Quintile,,,,,,,,,,,,
1986,46-65 y.,3rd Quintile,,,,,,,,,,,,
1986,46-65 y.,4th Quintile,,,,,,,,,,,,
1986,46-65 y.,5th Quintile,,,,,,,,,,,,
1986,66 and older,1st Quintile,,,,,,,,,,,,
1986,66 and older,2nd Quintile,,,,,,,,,,,,
1986,66 and older,3rd Quintile,,,,,,,,,,,,
1986,66 and older,4th Quintile,,,,,,,,,,,,
1986,66 and older,5th Quintile,,,,,,,,,,,,
1987,18-29 y.,1st Quintile,344,1.0247367881463616,0.9596187410762952,1.089854835216428,0.0,1.0,1.0,0.0,2.5,1.0,1.0,1.0
1987,18-29 y.,2nd Quintile,234,1.7163529921577367,1.5727036336340614,1.860002350681412,1.0,1.0,1.0,1.0,1.0,1.0,1.0,1.0
1987,18-29 y.,3rd Quintile,80,1.787783126443749,1.4970847868741468,2.078481466013351,0.0,1.0,1.0,0.0,2.5,1.0,1.0,1.0
1987,18-29 y.,4th Quintile,,,,,,,,,,,,
1987,18-29 y.,5th Quintile,,,,,,,,,,,,
1987,30-45 y.,1st Quintile,162,3.2368400111485554,2.7847201501684937,3.688959872128617,0.0,1.0,1.0,0.0,2.5,1.0,1.0,1.0
1987,30-45 y.,2nd Quintile,101,2.980286602468617,2.51011660191253,3.4504566030247044,1.0,1.0,2.0,0.0,3.5,1.0,1.0,1.0
1987,30-45 y.,3rd Quintile,50,4.654782278156035,3.800866728190587,5.508697828121483,0.29634498349473604,1.0,6.340683481152994,0.0,15.407191227640382,1.0,-1.0250000000000057,1.0
1987,30-45 y.,4th Quintile,30,5.605273504614155,4.558308647283923,6.652238361944388,1.0,1.7143830872268366,9.247190412843306,0.0,18.0,2.0,-5.0,3.0
1987,30-45 y.,5th Quintile,,,,,,,,,,,,
1987,46-65 y.,1st Quintile,50,4.635362008360858,3.4028498445800364,5.867874172141681,1.0,1.0,1.0,1.0,1.0,1.0,1.0,1.0
1987,46-65 y.,2nd Quintile,32,8.619594019926216,6.6901185654241475,10.549069474428286,0.6339656020080335,1.0,15.795978456565715,0.0,36.0,1.0,-12.0,1.0
1987,46-65 y.,3rd Quintile,,,,,,,,,,,,
1987,46-65 y.,4th Quintile,,,,,,,,,,,,
1987,46-65 y.,5th Quintile,,,,,,,,,,,,
1987,66 and older,1st Quintile,,,,,,,,,,,,
1987,66 and older,2nd Quintile,,,,,,,,,,,,
1987,66 and older,3rd Quintile,,,,,,,,,,,,
1987,66 and older,4th Quintile,,,,,,,,,,,,
1987,66 and older,5th Quintile,,,,,,,,,,,,
1988,18-29 y.,1st Quintile,732,2.7014472737788338,2.6084142868311333,2.794480260726534,1.0,2.0,3.3686275150242633,0.0,6.921568787560658,2.0,2.0,2.0
1988,18-29 y.,2nd Quintile,606,3.9723891954443706,3.849734815194074,4.0950435756946675,1.0,3.0,6.0,0.0,13.5,3.0,3.0,3.0
1988,18-29 y.,3rd Quintile,299,4.106215723617128,3.925608637671979,4.286822809562276,2.0,3.0,6.0,0.0,12.0,3.0,2.0,3.0
1988,18-29 y.,4th Quintile,75,4.425463559514978,4.009513164871626,4.84141395415833,1.0,3.0,7.0,0.0,12.0,3.0,1.0,4.0
1988,18-29 y.,5th Quintile,,,,,,,,,,,,
1988,30-45 y.,1st Quintile,901,8.966403599518898,8.73564846281432,9.197158736223477,3.0,8.0,14.0,0.0,30.5,8.0,8.0,9.0
1988,30-45 y.,2nd Quintile,646,9.624421161244296,9.364732413415853,9.88410990907274,3.0,9.0,15.0,0.0,30.0,9.0,8.0,10.0
1988,30-45 y.,3rd Quintile,357,9.827637965162246,9.494223472724956,10.161052457599537,3.0,10.0,15.0,0.0,30.0,10.0,9.0,11.0
1988,30-45 y.,4th Quintile,202,10.06408798530928,9.584762314227135,10.543413656391426,3.781071455656623,9.0,16.0,0.0,29.0,9.0,7.0,10.024999999999999
1988,30-45 y.,5th Quintile,46,8.317648486764723,7.5063545812930625,9.128942392236384,3.882822248526548,7.0,13.0,0.0,20.0,7.0,4.0,9.0
1988,46-65 y.,1st Quintile,556,16.09670054170042,15.656027456120082,16.53737362728076,7.0,15.0,23.964531433193667,0.0,43.0,15.0,13.0,16.0
1988,46-65 y.,2nd Quintile,643,17.677725728914787,17.277434918815622,18.07801653901395,9.0,17.0,25.0,0.0,49.0,17.0,16.0,19.0
1988,46-65 y.,3rd Quintile,382,18.516234664305614,18.00908182249191,19.023387506119317,10.0,18.0,26.0,0.0,44.0,18.0,16.0,19.0
1988,46-65 y.,4th Quintile,158,20.46861828229303,19.640798557196547,21.29643800738951,12.0,20.0,29.0,0.0,45.0,20.0,16.0,23.025
1988,46-65 y.,5th Quintile,61,21.249704920060235,19.9647486875819,22.534661152538572,15.0,23.0,28.06946417715667,1.0,42.0,23.0,21.0,28.0
1988,66 and older,1st Quintile,,,,,,,,,,,,
1988,66 and older,2nd Quintile,,,,,,,,,,,,
1988,66 and older,3rd Quintile,,,,,,,,,,,,
1988,66 and older,4th Quintile,,,,,,,,,,,,
1988,66 and older,5th Quintile,,,,,,,,,,,,
1989,18-29 y.,1st Quintile,,,,,,,,,,,,
1989,18-29 y.,2nd Quintile,,,,,,,,,,,,
1989,18-29 y.,3rd Quintile,,,,,,,,,,,,
1989,18-29 y.,4th Quintile,,,,,,,,,,,,
1989,18-29 y.,5th Quintile,,,,,,,,,,,,
1989,30-45 y.,1st Quintile,,,,,,,,,,,,
1989,30-45 y.,2nd Quintile,,,,,,,,,,,,
1989,30-45 y.,3rd Quintile,,,,,,,,,,,,
1989,30-45 y.,4th Quintile,,,,,,,,,,,,
1989,30-45 y.,5th Quintile,,,,,,,,,,,,
1989,46-65 y.,1st Quintile,,,,,,,,,,,,
1989,46-65 y.,2nd Quintile,,,,,,,,,,,,
1989,46-65 y.,3rd Quintile,,,,,,,,,,,,
1989,46-65 y.,4th Quintile,,,,,,,,,,,,
1989,46-65 y.,5th Quintile,,,,,,,,,,,,
1989,66 and older,1st Quintile,,,,,,,,,,,,
1989,66 and older,2nd Quintile,,,,,,,,,,,,
1989,66 and older,3rd Quintile,,,,,,,,,,,,
1989,66 and older,4th Quintile,,,,,,,,,,,,
1989,66 and older,5th Quintile,,,,,,,,,,,,
1990,18-29 y.,1st Quintile,553,2.7453987667545707,2.6330415483584355,2.857755985150706,1.0,2.0,4.0,0.0,8.5,2.0,2.0,3.0
1990,18-29 y.,2nd Quintile,561,3.320673523611625,3.201947305796587,3.439399741426663,1.0,2.0,4.0,0.0,8.5,2.0,1.0,2.0
1990,18-29 y.,3rd Quintile,385,3.918312864747873,3.7623046424541644,4.074321087041582,1.0,3.0,6.0,0.0,13.5,3.0,2.0,4.0
1990,18-29 y.,4th Quintile,116,3.7058766404414736,3.4338733595532434,3.977879921329704,1.0,2.6189471091179364,5.0,0.0,11.0,3.0,2.0,4.0
1990,18-29 y.,5th Quintile,,,,,,,,,,,,
1990,30-45 y.,1st Quintile,746,8.260110395772971,8.010646695125272,8.50957409642067,2.0,6.0,13.0,0.0,29.5,6.0,4.0,7.0
1990,30-45 y.,2nd Quintile,639,9.570042043847819,9.305664361200376,9.83441972649526,3.0,8.522078762733445,15.0,0.0,31.0,8.0,6.0,8.024999999999999
1990,30-45 y.,3rd Quintile,397,9.405091625499626,9.069510859736846,9.740672391262406,3.0,9.0,15.0,0.0,33.0,9.0,8.0,11.024999999999999
1990,30-45 y.,4th Quintile,239,9.145878879694534,8.71485410211254,9.576903657276528,3.0,7.0,15.0,0.0,28.0,7.0,5.0,9.0
1990,30-45 y.,5th Quintile,102,7.493824459180871,6.917355829211802,8.07029308914994,3.0,6.295774477016206,10.0,0.0,20.5,6.0,4.0,8.0
1990,46-65 y.,1st Quintile,399,15.05325391595593,14.536179728335576,15.570328103576283,5.508097348183112,14.0,22.0,0.0,46.73785397772533,14.0,11.0,16.0
1990,46-65 y.,2nd Quintile,545,18.037852656608575,17.581813392668796,18.493891920548354,9.0,17.0,27.0,0.0,46.0,17.0,15.0,18.0
1990,46-65 y.,3rd Quintile,426,18.095863926567834,17.608334341862154,18.583393511273513,10.0,19.0,25.0,0.0,46.0,19.0,18.0,21.0
1990,46-65 y.,4th Quintile,237,19.3056852289153,18.667735305949382,19.94363515188122,11.0,20.0,27.0,0.0,47.0,20.0,19.0,22.0
1990,46-65 y.,5th Quintile,91,20.113047593054343,18.975258453821006,21.25083673228768,10.0,21.0,30.0,0.0,42.0,21.0,18.0,25.0
1990,66 and older,1st Quintile,,,,,,,,,,,,
1990,66 and older,2nd Quintile,,,,,,,,,,,,
1990,66 and older,3rd Quintile,,,,,,,,,,,,
1990,66 and older,4th Quintile,,,,,,,,,,,,
1990,66 and older,5th Quintile,,,,,,,,,,,,
1991,18-29 y.,1st Quintile,526,2.6302714772913993,2.519379904543114,2.7411630500396846,1.0,2.0,3.0,0.0,6.0,2.0,2.0,3.0
1991,18-29 y.,2nd Quintile,509,3.239029694493999,3.118690103642833,3.3593692853451653,1.0,2.0,4.0,0.0,8.5,2.0,1.0,2.0
1991,18-29 y.,3rd Quintile,445,3.6675683011242954,3.5329010724212555,3.8022355298273354,1.0,3.0,5.0,0.0,11.0,3.0,3.0,4.0
1991,18-29 y.,4th Quintile,223,3.9352392347745804,3.7251649716329753,4.145313497916185,1.0,3.0,6.0,0.0,13.0,3.0,2.0,4.0
1991,18-29 y.,5th Quintile,32,2.9434070595567836,2.4858982252028943,3.400915893910673,1.0,2.0,3.4870158832068694,0.0,7.217539708017174,2.0,1.0,3.0
1991,30-45 y.,1st Quintile,589,7.289570934873564,7.013595422987244,7.565546446759884,1.0,4.0,12.0,0.0,28.5,4.0,2.0,4.0
1991,30-45 y.,2nd Quintile,698,9.503093703779394,9.248506916311536,9.757680491247251,3.0,9.0,15.0,0.0,27.0,9.0,8.0,11.0
1991,30-45 y.,3rd Quintile,449,9.572555115945066,9.229666770856863,9.91544346103327,3.0,8.0,15.613548509974486,0.0,34.53387127493622,8.0,6.0,10.0
1991,30-45 y.,4th Quintile,334,9.333574150463392,8.968636161129565,9.698512139797218,3.0,8.0,15.0,0.0,29.0,8.0,7.0,10.0
1991,30-45 y.,5th Quintile,158,8.069113718651524,7.590490265763674,8.547737171539373,3.0,7.0,13.0,0.0,27.0,7.0,4.0,9.0
1991,46-65 y.,1st Quintile,317,14.475190970374646,13.852541387699691,15.0978405530496,3.0,13.0,21.0,0.0,45.0,13.0,9.0,16.0
1991,46-65 y.,2nd Quintile,494,18.351787692441345,17.895762246906884,18.807813137975806,10.0,18.0,26.0,0.0,49.0,18.0,16.0,20.0
1991,46-65 y.,3rd Quintile,485,17.93849890340738,17.460386166082035,18.41661164073272,9.0,18.0,26.0,0.0,47.0,18.0,16.0,21.0
1991,46-65 y.,4th Quintile,317,18.4625976851759,17.90408485768564,19.021110512666162,11.0,19.0,26.0,0.0,48.0,19.0,17.0,21.0
1991,46-65 y.,5th Quintile,120,18.63839411330379,17.63183230425569,19.64495592235189,9.0,19.043101006304067,28.0,0.0,40.0,19.0,15.0,23.0
1991,66 and older,1st Quintile,,,,,,,,,,,,
1991,66 and older,2nd Quintile,,,,,,,,,,,,
1991,66 and older,3rd Quintile,,,,,,,,,,,,
1991,66 and older,4th Quintile,,,,,,,,,,,,
1991,66 and older,5th Quintile,,,,,,,,,,,,
1992,18-29 y.,1st Quintile,747,2.82413614383245,2.7290595094376306,2.9192127782272697,1.0,2.0,4.0,0.0,8.5,2.0,2.0,2.0
1992,18-29 y.,2nd Quintile,671,3.2981842618543897,3.184415605173936,3.4119529185348436,1.0,2.0,4.0,0.0,8.5,2.0,1.9749999999999943,2.0
1992,18-29 y.,3rd Quintile,493,3.601464872757817,3.474561310271755,3.7283684352438793,1.0,3.0,5.0,0.0,11.0,3.0,3.0,4.0
1992,18-29 y.,4th Quintile,304,4.092513615555665,3.9146275986767374,4.270399632434594,2.0,3.0,6.0,0.0,12.0,3.0,2.0,3.0
1992,18-29 y.,5th Quintile,49,3.8463745558604394,3.4576290048743488,4.23512010684653,2.0,3.0,6.0,0.0,11.0,3.0,2.0,4.0
1992,30-45 y.,1st Quintile,1255,7.431198912041262,7.2338347485302705,7.628563075552254,1.0,4.0,13.0,0.0,30.0,4.0,3.0,4.0
1992,30-45 y.,2nd Quintile,996,8.731575506990264,8.508074828282929,8.9550761856976,2.0,6.0,14.0,0.0,30.0,6.0,4.974999999999994,6.0249999999999995
1992,30-45 y.,3rd Quintile,564,9.391095779222642,9.085328741352752,9.696862817092532,3.0,7.0,15.0,0.0,30.0,7.0,5.0,8.0
1992,30-45 y.,4th Quintile,412,9.004207806417824,8.659321272361389,9.34909434047426,3.0,7.0,14.0,0.0,30.5,7.0,6.0,8.0
1992,30-45 y.,5th Quintile,165,8.94673812973681,8.410379015873302,9.483097243600318,3.0,7.0,14.0,0.0,28.0,7.0,6.0,9.0
1992,46-65 y.,1st Quintile,546,14.527454521675358,14.041192639012953,15.013716404337762,3.0,13.0,24.0,0.0,47.0,13.0,12.0,16.0
1992,46-65 y.,2nd Quintile,668,17.614715343667385,17.19750091174725,18.031929775587518,8.0,18.0,27.0,0.0,43.0,18.0,17.0,20.0
1992,46-65 y.,3rd Quintile,538,17.71514092743685,17.24101990491192,18.18926194996178,7.0,18.0,27.0,0.0,45.0,18.0,16.0,20.0
1992,46-65 y.,4th Quintile,421,17.02856588955799,16.51943152227875,17.537700256837226,7.0,18.0,24.5922822768021,0.0,47.0,18.0,16.0,20.0
1992,46-65 y.,5th Quintile,171,19.82372532857565,18.955775284459467,20.691675372691837,11.0,19.0,29.0,0.0,49.0,19.0,15.0,22.0
1992,66 and older,1st Quintile,,,,,,,,,,,,
1992,66 and older,2nd Quintile,,,,,,,,,,,,
1992,66 and older,3rd Quintile,,,,,,,,,,,,
1992,66 and older,4th Quintile,,,,,,,,,,,,
1992,66 and older,5th Quintile,,,,,,,,,,,,
1993,18-29 y.,1st Quintile,581,2.548963060328953,2.442935373216749,2.654990747441157,1.0,2.0,3.0,0.0,6.0,2.0,2.0,3.0
1993,18-29 y.,2nd Quintile,659,3.1040796072298007,3.0042533850197746,3.203905829439827,1.0,2.0,4.0,0.0,8.5,2.0,1.0,2.0
1993,18-29 y.,3rd Quintile,519,3.6747685788829725,3.547066546675608,3.802470611090337,1.0,3.0,5.0,0.0,11.0,3.0,3.0,4.0
1993,18-29 y.,4th Quintile,358,4.488011011275284,4.30511255958967,4.670909462960898,2.0,4.0,6.0,0.0,12.0,4.0,4.0,5.0
1993,18-29 y.,5th Quintile,64,3.5617376051556233,3.2041499108025215,3.919325299508725,1.0,2.1879008653727783,5.0,0.0,11.0,2.0,0.0,2.0
1993,30-45 y.,1st Quintile,888,6.888355127401326,6.665188161065913,7.111522093736738,1.0,3.0,12.0,0.0,28.5,3.0,2.0,3.0
1993,30-45 y.,2nd Quintile,1092,8.41501991539722,8.19798107017318,8.63205876062126,2.0,6.0,14.0,0.0,32.0,6.0,5.0,7.0
1993,30-45 y.,3rd Quintile,693,8.978895159715124,8.711355160479492,9.246435158950757,3.0,6.0,14.0,0.0,29.0,6.0,5.0,6.0
1993,30-45 y.,4th Quintile,458,9.020954353284216,8.688608597526711,9.35330010904172,2.0,7.0,14.0,0.0,32.0,7.0,5.0,8.024999999999999
1993,30-45 y.,5th Quintile,223,8.78957720481212,8.34347315114605,9.235681258478191,3.0,7.0,13.209776259357376,0.0,28.52444064839344,7.0,5.0,9.0
1993,46-65 y.,1st Quintile,353,12.868899735180173,12.330692416109002,13.407107054251345,3.0,10.133475978029962,21.0,0.0,41.0,10.0,6.974999999999994,12.0
1993,46-65 y.,2nd Quintile,572,14.932761991409777,14.483533364122108,15.381990618697445,3.0,14.205112170481971,23.0,0.0,45.0,14.0,13.0,16.0
1993,46-65 y.,3rd Quintile,623,17.971956288696074,17.53622044178926,18.407692135602886,8.0,18.0,27.0,0.0,48.0,18.0,16.0,21.0
1993,46-65 y.,4th Quintile,453,18.45158929152173,17.95536841409877,18.94781016894469,8.0,19.0,26.0,0.0,47.0,19.0,17.0,21.0
1993,46-65 y.,5th Quintile,225,17.947269369571305,17.257095951000768,18.637442788141843,8.620956552520406,18.0,26.0,1.0,45.0,18.0,16.0,21.0
1993,66 and older,1st Quintile,,,,,,,,,,,,
1993,66 and older,2nd Quintile,,,,,,,,,,,,
1993,66 and older,3rd Quintile,,,,,,,,,,,,
1993,66 and older,4th Quintile,,,,,,,,,,,,
1993,66 and older,5th Quintile,,,,,,,,,,,,
1994,18-29 y.,1st Quintile,418,2.2509717569879366,2.1403224959256852,2.361621018050188,1.0,1.0,3.0,0.0,6.0,1.0,0.0,1.0
1994,18-29 y.,2nd Quintile,587,3.2034445408375314,3.0983885986398936,3.308500483035169,1.0,2.0,4.0,0.0,8.5,2.0,1.0,2.0
1994,18-29 y.,3rd Quintile,540,3.80864003531905,3.683497842508024,3.933782228130076,1.0,3.0,6.0,0.0,13.5,3.0,3.0,4.0
1994,18-29 y.,4th Quintile,398,4.196651845599877,4.057355647802073,4.335948043397682,2.0,4.0,6.0,0.0,12.0,4.0,4.0,5.0
1994,18-29 y.,5th Quintile,90,3.799004449670159,3.5037723611639344,4.094236538176384,2.0,3.0,4.0,0.0,7.0,3.0,2.0,4.0
1994,30-45 y.,1st Quintile,641,7.024888277547987,6.763085099496145,7.286691455599829,2.0,4.0,11.0,0.0,24.5,4.0,3.0,4.0
1994,30-45 y.,2nd Quintile,1046,8.537034236699498,8.317680254484218,8.756388218914777,2.0,5.081751878757878,14.0,0.0,32.0,5.0,3.0,5.0
1994,30-45 y.,3rd Quintile,794,9.323846732564009,9.069281611991713,9.578411853136306,3.0,7.0,15.0,0.0,30.0,7.0,6.0,8.0
1994,30-45 y.,4th Quintile,488,9.020858419651722,8.704620839513158,9.337095999790286,3.0,7.0,14.0,0.0,30.5,7.0,6.0,8.0
1994,30-45 y.,5th Quintile,290,7.974334740947103,7.599629845447611,8.349039636446594,3.0,5.9459019611330834,12.0,0.0,25.5,6.0,5.0,8.0
1994,46-65 y.,1st Quintile,244,12.614498653127296,11.96688066161635,13.26211664463824,3.0,10.0,21.0,0.0,44.0,10.0,7.974999999999994,13.0
1994,46-65 y.,2nd Quintile,554,15.188899733465414,14.732680862347248,15.64511860458358,4.00993121469166,14.0,24.0,0.0,47.0,14.0,12.974999999999994,16.0
1994,46-65 y.,3rd Quintile,595,17.08538487048438,16.653037179164876,17.517732561803882,6.0,17.0,25.0,0.0,45.0,17.0,15.0,19.0
1994,46-65 y.,4th Quintile,536,18.789761781703024,18.34104903513905,19.238474528266998,9.0,19.0,28.0,0.0,46.0,19.0,17.0,20.0
1994,46-65 y.,5th Quintile,253,17.538233124133832,16.876252161982695,18.20021408628497,7.0,18.0,25.0,0.0,46.0,18.0,16.0,22.0
1994,66 and older,1st Quintile,,,,,,,,,,,,
1994,66 and older,2nd Quintile,,,,,,,,,,,,
1994,66 and older,3rd Quintile,,,,,,,,,,,,
1994,66 and older,4th Quintile,,,,,,,,,,,,
1994,66 and older,5th Quintile,,,,,,,,,,,,
1995,18-29 y.,1st Quintile,452,2.499262858425936,2.3991213246136054,2.5994043922382666,1.0,2.0,3.0,0.0,6.0,2.0,2.0,2.0
1995,18-29 y.,2nd Quintile,585,3.0754019968883344,2.9666662590967463,3.1841377346799224,1.0,2.0,4.0,0.0,8.5,2.0,1.0,2.0
1995,18-29 y.,3rd Quintile,552,4.013347358514872,3.8891021827406407,4.1375925342891025,2.0,3.0,6.0,0.0,12.0,3.0,2.0,3.0
1995,18-29 y.,4th Quintile,339,4.396883236885657,4.236231659466071,4.557534814305242,2.0,4.0,7.0,0.0,13.0,4.0,4.0,5.0
1995,18-29 y.,5th Quintile,95,3.6468671459112865,3.3999600562501917,3.8937742355723812,1.0,3.0,5.0,0.0,11.0,3.0,2.0,3.0
1995,30-45 y.,1st Quintile,694,5.786977244645749,5.5519304456950875,6.022024043596411,1.0,3.0,8.0,0.0,18.5,3.0,2.0,3.0
1995,30-45 y.,2nd Quintile,1099,8.434078908034781,8.219335055039327,8.648822761030235,2.0,5.0,14.0,0.0,31.0,5.0,4.0,5.0
1995,30-45 y.,3rd Quintile,834,8.614706686678685,8.378955857163952,8.85045751619342,3.0,6.0,13.0,0.0,28.0,6.0,5.0,6.0
1995,30-45 y.,4th Quintile,541,9.136827465929217,8.834157012407667,9.439497919450767,3.0,7.0,14.0,0.0,30.5,7.0,6.0,9.0
1995,30-45 y.,5th Quintile,298,7.946745741624833,7.584418420196353,8.309073063053312,3.0,6.0,11.0,0.0,23.0,6.0,5.0,7.0
1995,46-65 y.,1st Quintile,242,12.020059978544948,11.36684495750513,12.673274999584766,2.0,9.0,20.0,0.0,37.0,9.0,5.0,12.0
1995,46-65 y.,2nd Quintile,523,14.605187411657463,14.115186709993973,15.095188113320953,4.0,12.0,24.0,0.0,51.0,12.0,9.0,15.0
1995,46-65 y.,3rd Quintile,660,16.266732700979034,15.833375119657614,16.700090282300454,5.0,15.0,26.0,0.0,46.0,15.0,13.0,16.0
1995,46-65 y.,4th Quintile,546,18.052178035470945,17.58679509356215,18.51756097737974,8.0,18.0,27.0,0.0,44.0,18.0,17.0,20.0
1995,46-65 y.,5th Quintile,280,18.175588535263916,17.540443844824242,18.81073322570359,8.0,17.0,26.0,0.0,45.0,17.0,14.0,19.0
1995,66 and older,1st Quintile,,,,,,,,,,,,
1995,66 and older,2nd Quintile,,,,,,,,,,,,
1995,66 and older,3rd Quintile,,,,,,,,,,,,
1995,66 and older,4th Quintile,,,,,,,,,,,,
1995,66 and older,5th Quintile,,,,,,,,,,,,
1996,18-29 y.,1st Quintile,417,2.3809393393056255,2.277915465461666,2.4839632131495852,1.0,2.0,4.0,0.0,8.5,2.0,2.0,3.0
1996,18-29 y.,2nd Quintile,524,3.086964309062054,2.9695523358237526,3.204376282300356,1.0,2.0,4.0,0.0,8.5,2.0,1.9749999999999943,2.0
1996,18-29 y.,3rd Quintile,507,4.194678347094863,4.061021992167509,4.328334702022216,2.0,3.0,6.0,0.0,12.0,3.0,2.0,3.0
1996,18-29 y.,4th Quintile,338,3.901553992275451,3.7433971077127226,4.059710876838179,1.0,3.0,6.0,0.0,13.0,3.0,2.0,4.0
1996,18-29 y.,5th Quintile,88,3.736379303385195,3.4027171628574866,4.070041443912904,1.0,2.0,6.0,0.0,12.0,2.0,0.0,2.0
1996,30-45 y.,1st Quintile,624,6.235872967860672,5.98168540928119,6.490060526440154,1.0,4.0,9.0,0.0,21.0,4.0,4.0,5.0
1996,30-45 y.,2nd Quintile,1109,8.143582088350371,7.937829544860354,8.349334631840389,2.0,5.0,13.0,0.0,29.5,5.0,4.0,5.0
1996,30-45 y.,3rd Quintile,859,9.045792330014232,8.803940127802449,9.287644532226015,3.0,6.0,14.0,0.0,30.5,6.0,5.0,6.0
1996,30-45 y.,4th Quintile,571,8.708526789622752,8.433357134640048,8.983696444605457,3.0,7.0,13.0,0.0,28.0,7.0,6.0,8.0
1996,30-45 y.,5th Quintile,321,8.172123940208982,7.832719873695177,8.511528006722786,3.0,7.0,11.0,0.0,23.0,7.0,6.0,8.0
1996,46-65 y.,1st Quintile,204,10.455738308006607,9.772547946658285,11.138928669354929,2.0,7.0,16.0,0.0,37.0,7.0,3.0,10.0
1996,46-65 y.,2nd Quintile,504,13.61241584844806,13.157132649695459,14.067699047200662,4.0,11.0,22.0,0.0,41.0,11.0,7.0,13.0
1996,46-65 y.,3rd Quintile,595,15.992800387824175,15.54744438981939,16.43815638582896,6.0,15.0,26.0,0.0,46.0,15.0,14.0,18.025
1996,46-65 y.,4th Quintile,584,17.120325546984876,16.66136751247806,17.579283581491694,6.0,16.0,26.0,0.0,48.0,16.0,14.0,17.0
1996,46-65 y.,5th Quintile,298,19.517896772039165,18.919218580278965,20.116574963799366,10.222506599119816,21.0,27.0,0.0,48.0,21.0,19.0,24.025
1996,66 and older,1st Quintile,,,,,,,,,,,,
1996,66 and older,2nd Quintile,,,,,,,,,,,,
1996,66 and older,3rd Quintile,,,,,,,,,,,,
1996,66 and older,4th Quintile,,,,,,,,,,,,
1996,66 and older,5th Quintile,,,,,,,,,,,,
1997,18-29 y.,1st Quintile,314,2.0445070904901588,1.9380975929246562,2.1509165880556615,1.0,1.0,3.0,0.0,6.0,1.0,0.0,1.0
1997,18-29 y.,2nd Quintile,481,2.9706541191649807,2.8686200730893168,3.0726881652406446,1.0,2.0,4.0,0.0,8.5,2.0,1.0,2.0
1997,18-29 y.,3rd Quintile,508,3.7254052926867,3.602564678393499,3.8482459069799013,1.0,3.0,6.0,0.0,13.0,3.0,3.0,3.0
1997,18-29 y.,4th Quintile,379,4.057176318192228,3.904654662115326,4.2096979742691305,2.0,3.0,6.0,0.0,12.0,3.0,3.0,3.0
1997,18-29 y.,5th Quintile,88,3.8229845547960855,3.513403917620899,4.132565191971272,1.0,3.0,5.0,0.0,11.0,3.0,3.0,4.0
1997,30-45 y.,1st Quintile,486,6.1005928106095,5.8025060863041364,6.398679534914864,1.0,3.0,8.0,0.0,18.5,3.0,2.0,4.0
1997,30-45 y.,2nd Quintile,1041,7.9134771250037685,7.711869920246254,8.115084329761283,3.0,6.0,12.0,0.0,25.5,6.0,6.0,7.0
1997,30-45 y.,3rd Quintile,904,8.962004644272014,8.73846115663127,9.185548131912757,3.0,7.0,14.0,0.0,29.0,7.0,6.0,8.0
1997,30-45 y.,4th Quintile,607,8.901711064407433,8.639620700760336,9.16380142805453,4.0,7.0,12.659356993383762,0.0,25.648392483459403,7.0,6.0,7.0249999999999995
1997,30-45 y.,5th Quintile,346,8.613974694172514,8.269165359357162,8.958784028987866,4.0,7.0,12.0,0.0,24.0,7.0,6.0,8.0
1997,46-65 y.,1st Quintile,157,12.478588608964293,11.669665160124824,13.287512057803761,3.5619535995345406,9.834393488044231,18.0,0.0,39.65706960069819,9.0,5.0,11.0
1997,46-65 y.,2nd Quintile,416,13.049751581601516,12.559944033188449,13.539559130014583,4.0,10.0,21.0,0.0,43.0,10.0,8.0,13.0
1997,46-65 y.,3rd Quintile,656,16.194329551872215,15.764581350843732,16.624077752900696,6.0,15.097735963966805,26.0,0.0,47.0,15.0,13.0,17.0
1997,46-65 y.,4th Quintile,592,17.813865847046625,17.36642349568109,18.26130819841216,7.0,18.0,27.0,0.0,49.0,18.0,17.0,20.0
1997,46-65 y.,5th Quintile,312,18.05895514064618,17.464873460032628,18.653036821259732,8.0,17.0,27.175616022343146,0.0,41.0,17.0,13.0,18.0
1997,66 and older,1st Quintile,,,,,,,,,,,,
1997,66 and older,2nd Quintile,,,,,,,,,,,,
1997,66 and older,3rd Quintile,,,,,,,,,,,,
1997,66 and older,4th Quintile,,,,,,,,,,,,
1997,66 and older,5th Quintile,,,,,,,,,,,,
1998,18-29 y.,1st Quintile,280,2.2359150406389676,2.107757165218225,2.36407291605971,1.0,2.0,3.0,0.0,6.0,2.0,2.0,3.0
1998,18-29 y.,2nd Quintile,463,3.207271636337666,3.090545689695648,3.3239975829796844,1.0,2.0,5.0,0.0,11.0,2.0,1.0,2.0
1998,18-29 y.,3rd Quintile,460,3.6662535188151306,3.5351080602796436,3.7973989773506176,1.0,3.0,5.0,0.0,11.0,3.0,3.0,4.0
1998,18-29 y.,4th Quintile,344,4.4440917421285695,4.279267706267675,4.608915777989464,2.0,4.0,7.0,0.0,13.0,4.0,4.0,5.0
1998,18-29 y.,5th Quintile,89,3.801011424983182,3.53211453236519,4.069908317601174,2.0,3.0,5.0,0.0,9.5,3.0,2.0,3.0
1998,30-45 y.,1st Quintile,393,4.7495497252996675,4.474599484324674,5.024499966274661,1.0,3.0,6.0,0.0,13.5,3.0,3.0,4.0
1998,30-45 y.,2nd Quintile,983,8.191367094693927,7.971674317826986,8.411059871560868,2.0,6.0,13.0,0.0,29.5,6.0,5.0,7.0
1998,30-45 y.,3rd Quintile,933,8.481134197217768,8.269592432638188,8.692675961797349,3.0,7.0,13.0,0.0,28.0,7.0,6.0,8.0
1998,30-45 y.,4th Quintile,621,8.865041447783126,8.598081232720213,9.132001662846038,3.0,7.0,12.0,0.0,25.5,7.0,6.0,8.0
1998,30-45 y.,5th Quintile,367,8.52482873253321,8.180926058123852,8.868731406942569,3.0,7.0,12.0,0.0,25.5,7.0,6.0,8.0
1998,46-65 y.,1st Quintile,144,12.941286244525749,12.139310613235082,13.743261875816415,4.0,10.822585874127984,19.0,0.0,38.0,11.0,7.0,15.0
1998,46-65 y.,2nd Quintile,392,13.308250650477783,12.803015803830906,13.81348549712466,4.0,10.0,21.129384791746563,0.0,46.823461979366414,10.0,7.0,12.0
1998,46-65 y.,3rd Quintile,588,15.811612205882684,15.384374107945595,16.23885030381977,6.0,15.0,25.0,0.0,48.0,15.0,13.0,17.0
1998,46-65 y.,4th Quintile,591,18.016481899547127,17.54746279013782,18.485501008956433,7.0,18.0,28.0,0.0,50.0,18.0,16.974999999999994,21.0
1998,46-65 y.,5th Quintile,345,18.275739311198812,17.727491374034,18.823987248363625,8.0,18.0,27.0,0.0,43.0,18.0,16.0,19.025
1998,66 and older,1st Quintile,,,,,,,,,,,,
1998,66 and older,2nd Quintile,,,,,,,,,,,,
1998,66 and older,3rd Quintile,,,,,,,,,,,,
1998,66 and older,4th Quintile,,,,,,,,,,,,
1998,66 and older,5th Quintile,,,,,,,,,,,,
1999,18-29 y.,1st Quintile,320,2.059533064600704,1.9479791534683175,2.17108697573309,1.0,1.0,3.0,0.0,6.0,1.0,0.0,1.0
1999,18-29 y.,2nd Quintile,498,2.8376527697043015,2.723332693081969,2.951972846326634,1.0,2.0,4.0,0.0,8.5,2.0,2.0,2.0
1999,18-29 y.,3rd Quintile,487,3.4945135759755823,3.362016940473531,3.6270102114776335,1.0,3.0,5.0,0.0,11.0,3.0,3.0,4.0
1999,18-29 y.,4th Quintile,386,3.991904145482097,3.838758738134036,4.145049552830158,1.0,3.0,6.0,0.0,13.5,3.0,2.0,3.0
1999,18-29 y.,5th Quintile,113,3.3401663870934737,3.073950276319387,3.6063824978675605,1.0,2.0,5.0,0.0,11.0,2.0,1.0,3.0
1999,30-45 y.,1st Quintile,460,5.062448802788198,4.807145506329351,5.317752099247046,1.0,3.0,6.0,0.0,13.5,3.0,2.0,4.0
1999,30-45 y.,2nd Quintile,1143,7.564315196547238,7.370641637447321,7.757988755647155,2.0,6.0,11.0,0.0,24.5,6.0,6.0,7.0
1999,30-45 y.,3rd Quintile,970,8.73220457419651,8.521611998218235,8.942797150174785,3.0,7.0,13.0,0.0,28.0,7.0,6.0,7.0
1999,30-45 y.,4th Quintile,793,8.828160102949331,8.592149361267403,9.06417084463126,3.0,8.0,13.0,0.0,28.0,8.0,8.0,9.0
1999,30-45 y.,5th Quintile,422,8.25188971393758,7.950106610622283,8.553672817252876,3.0,7.0,11.0,0.0,23.0,7.0,6.0,8.0
1999,46-65 y.,1st Quintile,146,11.44454155030546,10.641879457988262,12.24720364262266,2.0,9.0,19.0,0.0,37.0,9.0,7.0,12.0
1999,46-65 y.,2nd Quintile,437,12.902902364011164,12.424920536959776,13.38088419106255,4.0,10.0,20.0,0.0,43.0,10.0,8.0,12.0
1999,46-65 y.,3rd Quintile,618,16.22902716172138,15.7903066917681,16.667747631674658,7.0,15.0,26.0,0.0,49.0,15.0,12.0,18.0
1999,46-65 y.,4th Quintile,684,18.053870487313628,17.627741708261023,18.47999926636623,8.0,18.0,28.730927112106595,0.0,48.0,18.0,17.0,21.0
1999,46-65 y.,5th Quintile,474,17.659570824418694,17.16927881532621,18.14986283351118,7.0,18.0,27.0,0.0,46.0,18.0,17.0,22.0
1999,66 and older,1st Quintile,,,,,,,,,,,,
1999,66 and older,2nd Quintile,,,,,,,,,,,,
1999,66 and older,3rd Quintile,,,,,,,,,,,,
1999,66 and older,4th Quintile,,,,,,,,,,,,
1999,66 and older,5th Quintile,,,,,,,,,,,,
2000,18-29 y.,1st Quintile,253,2.0031397782642024,1.8759988181130152,2.1302807384153897,1.0,1.0,2.0,0.0,3.5,1.0,1.0,1.0
2000,18-29 y.,2nd Quintile,403,2.7570218586218584,2.6328026405202998,2.881241076723417,1.0,2.0,3.0,0.0,6.0,2.0,2.0,2.0
2000,18-29 y.,3rd Quintile,490,3.462222001769406,3.3336577843446533,3.590786219194159,1.0,2.0,4.0,0.0,8.5,2.0,1.0,2.0
2000,18-29 y.,4th Quintile,390,4.013192746173466,3.85799910065652,4.1683863916904125,1.0,3.0,6.0,0.0,13.0,3.0,2.0,3.0
2000,18-29 y.,5th Quintile,117,3.338710676200515,3.0688347654153616,3.6085865869856684,1.0,2.0,5.0,0.0,11.0,2.0,1.0,2.0
2000,30-45 y.,1st Quintile,315,4.670394572593186,4.3777234049869325,4.96306574019944,1.0,3.0,6.0,0.0,13.5,3.0,3.0,4.0
2000,30-45 y.,2nd Quintile,974,7.391098543663376,7.189512887446874,7.592684199879878,2.0,5.0,11.0,0.0,24.5,5.0,4.0,5.0
2000,30-45 y.,3rd Quintile,1012,8.715630048494912,8.500367151379505,8.930892945610319,2.0,7.0,13.0,0.0,29.5,7.0,6.0,8.0
2000,30-45 y.,4th Quintile,850,8.922096070810971,8.695896514642794,9.148295626979149,3.0,8.0,13.0,0.0,28.0,8.0,7.0,9.0
2000,30-45 y.,5th Quintile,533,8.115512137242721,7.858310909137725,8.372713365347717,3.0,7.0,12.0,0.0,25.5,7.0,6.0,8.0
2000,46-65 y.,1st Quintile,145,9.100118577524846,8.327465946125043,9.872771208924648,1.0,4.743887653024546,13.0,0.0,31.0,5.0,1.0,7.0
2000,46-65 y.,2nd Quintile,332,12.895586311154062,12.326775784382725,13.464396837925399,4.0,9.0,21.0,0.0,46.5,9.0,7.0,10.0
2000,46-65 y.,3rd Quintile,619,14.668557232496209,14.2508865160557,15.086227948936717,6.0,11.0,24.0,0.0,50.0,11.0,9.0,12.0
2000,46-65 y.,4th Quintile,708,17.13271319920018,16.719760158366473,17.545666240033885,8.0,15.0,27.0,0.0,49.0,15.0,12.0,18.0
2000,46-65 y.,5th Quintile,532,18.547525431562562,18.09188920043679,19.003161662688335,9.0,19.0,28.0,0.0,45.0,19.0,18.0,21.0
2000,66 and older,1st Quintile,,,,,,,,,,,,
2000,66 and older,2nd Quintile,,,,,,,,,,,,
2000,66 and older,3rd Quintile,,,,,,,,,,,,
2000,66 and older,4th Quintile,,,,,,,,,,,,
2000,66 and older,5th Quintile,,,,,,,,,,,,
2001,18-29 y.,1st Quintile,402,1.9478249016573914,1.8585843308636725,2.0370654724511104,1.0,1.0,3.0,0.0,6.0,1.0,0.0,1.0
2001,18-29 y.,2nd Quintile,575,2.643446689071916,2.548862151752369,2.738031226391463,1.0,2.0,3.0,0.0,6.0,2.0,2.0,2.0
2001,18-29 y.,3rd Quintile,688,3.279945584408223,3.1769205301222647,3.382970638694181,1.0,2.0,4.0,0.0,8.5,2.0,1.0,2.0
2001,18-29 y.,4th Quintile,520,3.6112551232433194,3.485375413625832,3.7371348328608067,1.0,3.0,5.0,0.0,11.0,3.0,3.0,4.0
2001,18-29 y.,5th Quintile,218,3.0710389129287323,2.889378082097011,3.2526997437604535,1.0,2.0,5.0,0.0,11.0,2.0,1.0,2.0
2001,30-45 y.,1st Quintile,542,4.712936185441102,4.472506312666615,4.953366058215588,1.0,2.0,7.0,0.0,16.0,2.0,1.0,2.0
2001,30-45 y.,2nd Quintile,1358,7.243174110155341,7.069667839883514,7.4166803804271675,2.0,5.0,11.0,0.0,24.5,5.0,4.0,6.0
2001,30-45 y.,3rd Quintile,1679,8.865212311320604,8.701234032953433,9.029190589687776,3.0,8.0,13.569635705037191,0.0,29.42408926259298,8.0,8.0,9.0
2001,30-45 y.,4th Quintile,1410,9.153937421134716,8.976322261986226,9.331552580283205,3.0,8.0,14.0,0.0,30.0,8.0,7.0,9.0
2001,30-45 y.,5th Quintile,915,8.777390430741685,8.559452636747622,8.995328224735747,3.0,7.0,12.0,0.0,25.5,7.0,6.0,7.0
2001,46-65 y.,1st Quintile,181,7.754970167992555,7.075726272104697,8.434214063880413,1.0,3.0,11.0,0.0,26.0,3.0,1.0,4.0
2001,46-65 y.,2nd Quintile,561,12.096621973993953,11.663039683934091,12.530204264053815,3.0,9.0,20.0,0.0,45.5,9.0,8.0,10.024999999999999
2001,46-65 y.,3rd Quintile,1067,14.970479821989036,14.639099013817127,15.301860630160945,5.0,11.0,24.0,0.0,49.0,11.0,9.0,11.0
2001,46-65 y.,4th Quintile,1260,17.121406120614004,16.81473000559513,17.42808223563288,8.0,15.0,27.0,0.0,51.0,15.0,13.0,16.0
2001,46-65 y.,5th Quintile,1023,19.01799865245456,18.694041745186052,19.341955559723065,10.0,19.0,28.0,0.0,44.0,19.0,17.0,21.0
2001,66 and older,1st Quintile,,,,,,,,,,,,
2001,66 and older,2nd Quintile,,,,,,,,,,,,
2001,66 and older,3rd Quintile,,,,,,,,,,,,
2001,66 and older,4th Quintile,,,,,,,,,,,,
2001,66 and older,5th Quintile,41,29.650038152176148,27.12819756431869,32.171878740033605,14.684663533630559,30.876598934945083,43.854888735941806,0.0,59.0,29.0,16.0,39.0
2002,18-29 y.,1st Quintile,305,1.9520165348652732,1.8569095203788266,2.0471235493517197,1.0,1.0,3.0,0.0,6.0,1.0,0.0,1.0
2002,18-29 y.,2nd Quintile,496,2.562728255515844,2.4637603868960927,2.661696124135595,1.0,2.0,3.0,0.0,6.0,2.0,2.0,2.0
2002,18-29 y.,3rd Quintile,571,3.2655936592030446,3.1447641251628933,3.386423193243196,1.0,2.0,4.0,0.0,8.5,2.0,1.0,2.0
2002,18-29 y.,4th Quintile,536,3.752936718558183,3.629571857868838,3.8763015792475275,1.0,3.0,6.0,0.0,13.5,3.0,3.0,4.0
2002,18-29 y.,5th Quintile,268,3.488731634418141,3.3228614996074053,3.654601769228877,1.0,3.0,5.0,0.0,11.0,3.0,3.0,4.0
2002,30-45 y.,1st Quintile,422,4.650032817807308,4.391964910896666,4.908100724717949,1.0,2.0,6.0,0.0,13.5,2.0,1.0,2.0
2002,30-45 y.,2nd Quintile,1077,6.879471079311951,6.693930421697965,7.065011736925937,2.0,5.0,10.0,0.0,22.0,5.0,5.0,6.0
2002,30-45 y.,3rd Quintile,1451,9.257381494070332,9.076898183768598,9.437864804372065,3.0,8.0,14.0,0.0,30.5,8.0,7.0,9.0
2002,30-45 y.,4th Quintile,1505,9.319709283237046,9.142453514640366,9.496965051833726,3.0,8.0,14.0,0.0,30.5,8.0,7.0,9.0
2002,30-45 y.,5th Quintile,1032,8.699260477531654,8.49399765171555,8.904523303347759,3.0,7.0,12.0,0.0,25.5,7.0,6.0,8.0
2002,46-65 y.,1st Quintile,167,8.768139837026974,8.105234858508439,9.431044815545508,1.0,5.0,15.0,0.0,36.0,5.0,2.9749999999999943,7.0
2002,46-65 y.,2nd Quintile,512,11.489773771710361,11.043775716351275,11.935771827069447,3.0,8.0,18.0,0.0,40.5,8.0,7.0,9.0
2002,46-65 y.,3rd Quintile,865,14.620981020469625,14.260260297787864,14.981701743151385,5.0,12.0,23.0,0.0,49.0,12.0,11.0,13.0
2002,46-65 y.,4th Quintile,1213,17.102701065404204,16.78663249583674,17.418769634971667,7.0,15.0,27.0,0.0,50.0,15.0,14.0,17.0
2002,46-65 y.,5th Quintile,1149,20.013121304627266,19.694477848115117,20.331764761139414,11.0,20.60204251306579,30.0,0.0,52.0,20.0,18.0,21.025
2002,66 and older,1st Quintile,,,,,,,,,,,,
2002,66 and older,2nd Quintile,,,,,,,,,,,,
2002,66 and older,3rd Quintile,,,,,,,,,,,,
2002,66 and older,4th Quintile,,,,,,,,,,,,
2002,66 and older,5th Quintile,39,29.22273608526939,26.573973504053317,31.87149866648546,9.171373912798618,35.37167221900347,42.15738737793922,1.0,52.0,35.0,29.0,51.0
2003,18-29 y.,1st Quintile,295,1.9589800443679384,1.8628141054596232,2.0551459832762538,1.0,1.0,3.0,0.0,6.0,1.0,0.0,1.0
2003,18-29 y.,2nd Quintile,428,3.0025542595174928,2.890000520054903,3.1151079989800827,1.0,2.0,4.0,0.0,8.5,2.0,1.0,2.0
2003,18-29 y.,3rd Quintile,541,2.978241403534427,2.873952345376411,3.0825304616924427,1.0,2.0,4.0,0.0,8.5,2.0,1.0,2.0
2003,18-29 y.,4th Quintile,566,3.4472667768736436,3.336913119359927,3.5576204343873603,1.0,3.0,5.0,0.0,11.0,3.0,3.0,4.0
2003,18-29 y.,5th Quintile,345,2.9566960634233155,2.8257415364123015,3.0876505904343294,1.0,2.0,4.0,0.0,8.5,2.0,1.0,2.0
2003,30-45 y.,1st Quintile,335,4.862411562662505,4.58105101382617,5.14377211149884,1.0,3.0,7.0,0.0,16.0,3.0,3.0,4.0
2003,30-45 y.,2nd Quintile,960,7.243701149495503,7.047184620260182,7.440217678730823,2.0,5.0,11.0,0.0,24.5,5.0,4.0,5.0
2003,30-45 y.,3rd Quintile,1367,8.88226712277631,8.696655814301783,9.067878431250838,3.0,7.0,13.0,0.0,28.0,7.0,6.0,8.0
2003,30-45 y.,4th Quintile,1463,9.496702290997,9.32004067472571,9.673363907268289,3.0,8.0,14.0,0.0,30.5,8.0,7.0,9.0
2003,30-45 y.,5th Quintile,1437,8.675553496316436,8.505102833651677,8.846004158981195,3.0,7.0,13.0,0.0,28.0,7.0,6.0,8.0
2003,46-65 y.,1st Quintile,152,9.023073068659402,8.266013422312842,9.780132715005962,1.0,5.0,13.0,0.0,31.0,5.0,2.9749999999999943,7.0
2003,46-65 y.,2nd Quintile,416,11.749326919481089,11.273176983702818,12.225476855259359,4.0,8.0,18.0,0.0,39.0,8.0,6.0,9.0
2003,46-65 y.,3rd Quintile,850,14.944826298046461,14.581789435114443,15.30786316097848,5.0,13.0,23.525705281230334,0.0,46.0,13.0,12.0,15.0
2003,46-65 y.,4th Quintile,1260,16.838377215687977,16.54507245622032,17.131681975155633,8.0,14.0,25.0,0.0,48.0,14.0,12.0,14.024999999999999
2003,46-65 y.,5th Quintile,1994,19.518702049477266,19.27345380963367,19.763950289320864,10.0,19.0,29.0,0.0,49.0,19.0,17.0,20.0
2003,66 and older,1st Quintile,,,,,,,,,,,,
2003,66 and older,2nd Quintile,,,,,,,,,,,,
2003,66 and older,3rd Quintile,,,,,,,,,,,,
2003,66 and older,4th Quintile,,,,,,,,,,,,
2003,66 and older,5th Quintile,67,28.766000504508288,26.697684717131086,30.83431629188549,10.0,35.0,42.0,0.0,53.0,35.0,30.0,46.075
2004,18-29 y.,1st Quintile,322,2.1517444016756344,2.044242215516043,2.259246587835226,1.0,1.0,3.0,0.0,6.0,1.0,0.0,1.0
2004,18-29 y.,2nd Quintile,379,2.705735150331063,2.58090832808804,2.830561972574086,1.0,2.0,3.0,0.0,6.0,2.0,2.0,2.0249999999999995
2004,18-29 y.,3rd Quintile,517,3.287218234537221,3.176942439200432,3.39749402987401,1.0,3.0,5.0,0.0,11.0,3.0,3.0,4.0
2004,18-29 y.,4th Quintile,529,3.568032423408915,3.445867875288765,3.6901969715290655,1.0,3.0,5.0,0.0,11.0,3.0,3.0,4.0
2004,18-29 y.,5th Quintile,373,3.4815869716221557,3.345893019064436,3.6172809241798753,1.0,3.0,5.0,0.0,11.0,3.0,3.0,4.0
2004,30-45 y.,1st Quintile,338,5.719658818446636,5.397375855676089,6.041941781217182,1.0,3.0,8.0,0.0,18.5,3.0,2.0,4.0
2004,30-45 y.,2nd Quintile,856,7.036153553123403,6.842628248057281,7.229678858189525,2.0,5.0,10.0,0.0,22.0,5.0,4.0,5.0
2004,30-45 y.,3rd Quintile,1272,9.461006269524454,9.265236013885014,9.656776525163894,3.0,8.0,14.0,0.0,30.0,8.0,8.0,9.0
2004,30-45 y.,4th Quintile,1496,9.571848092384945,9.39849093382937,9.74520525094052,4.0,8.0,14.0,0.0,29.0,8.0,7.0,9.0
2004,30-45 y.,5th Quintile,1280,9.063898821529392,8.88701761600184,9.240780027056944,4.0,7.216604342026791,14.0,0.0,29.0,7.0,5.974999999999994,7.0
2004,46-65 y.,1st Quintile,165,9.208023696543068,8.495408928117048,9.920638464969088,1.1873902287692633,5.0,13.0,0.0,30.718914656846103,5.0,2.9749999999999943,7.0
2004,46-65 y.,2nd Quintile,443,11.8156336491485,11.335339423058173,12.295927875238828,3.0,8.0,19.0,0.0,43.0,8.0,6.0,10.0
2004,46-65 y.,3rd Quintile,819,14.884964569847623,14.510553583364251,15.259375556330996,5.0,12.0,24.0,0.0,48.0,12.0,10.0,13.0
2004,46-65 y.,4th Quintile,1234,17.016285858058765,16.71226658093076,17.32030513518677,8.0,15.0,26.0,0.0,49.0,15.0,14.0,16.0
2004,46-65 y.,5th Quintile,1981,19.363841832669227,19.124523816293333,19.60315984904512,10.0,19.0,29.0,0.0,48.0,19.0,18.0,21.0
2004,66 and older,1st Quintile,,,,,,,,,,,,
2004,66 and older,2nd Quintile,,,,,,,,,,,,
2004,66 and older,3rd Quintile,,,,,,,,,,,,
2004,66 and older,4th Quintile,,,,,,,,,,,,
2004,66 and older,5th Quintile,76,27.85409661615536,25.892558423844147,29.815634808466573,10.0,34.0,43.0,1.0,56.0,34.0,31.974999999999994,54.0
2005,18-29 y.,1st Quintile,293,2.086029701542986,1.9570430821598697,2.215016320926102,1.0,1.0,2.0,0.0,3.5,1.0,0.0,1.0
2005,18-29 y.,2nd Quintile,372,2.5687453472180106,2.4646222272496665,2.6728684671863547,1.0,2.0,4.0,0.0,8.5,2.0,2.0,2.0
2005,18-29 y.,3rd Quintile,469,3.244569262107672,3.127469133564195,3.361669390651149,1.0,2.881410621958537,5.0,0.0,11.0,3.0,3.0,4.0
2005,18-29 y.,4th Quintile,515,3.4901088106263427,3.368540651945957,3.6116769693067283,1.0,3.0,5.0,0.0,11.0,3.0,3.0,4.0
2005,18-29 y.,5th Quintile,343,3.465074365144139,3.3225054965421803,3.6076432337460975,1.0,3.0,5.0,0.0,11.0,3.0,3.0,4.0
2005,30-45 y.,1st Quintile,319,5.241997869225435,4.940995662838558,5.543000075612312,1.0,3.0,8.0,0.0,18.5,3.0,2.0,4.0
2005,30-45 y.,2nd Quintile,713,7.343894627174324,7.126963539864313,7.560825714484334,2.0,6.0,11.0,0.0,24.5,6.0,6.0,7.0
2005,30-45 y.,3rd Quintile,1158,9.277737607122353,9.086264609762353,9.469210604482353,4.0,8.0,14.0,0.0,29.0,8.0,7.0,9.0
2005,30-45 y.,4th Quintile,1395,9.716893358944736,9.534867551085412,9.89891916680406,4.0,8.0,15.0,0.0,29.0,8.0,7.0,9.0
2005,30-45 y.,5th Quintile,1305,9.194842341209874,9.017583329904966,9.372101352514782,4.0,8.0,13.0,0.0,26.5,8.0,7.974999999999994,9.0
2005,46-65 y.,1st Quintile,149,7.082300050612966,6.468534363414045,7.696065737811888,1.0,4.711870441177353,10.0,0.0,23.5,4.0,2.0,5.0
2005,46-65 y.,2nd Quintile,410,12.67691308843615,12.186768780199705,13.167057396672595,4.0,10.0,20.0,0.0,44.0,10.0,9.0,12.0
2005,46-65 y.,3rd Quintile,799,14.430908022460079,14.071247974340215,14.790568070579942,5.0,13.0,23.0,0.0,43.0,13.0,12.0,15.0
2005,46-65 y.,4th Quintile,1215,17.015583337802713,16.70824495371091,17.322921721894517,7.0,15.0,26.0,0.0,50.0,15.0,14.0,16.0
2005,46-65 y.,5th Quintile,1916,19.673133803998347,19.424723803068606,19.92154380492809,10.0,19.0,30.0,0.0,48.0,19.0,17.0,21.0
2005,66 and older,1st Quintile,,,,,,,,,,,,
2005,66 and older,2nd Quintile,,,,,,,,,,,,
2005,66 and older,3rd Quintile,,,,,,,,,,,,
2005,66 and older,4th Quintile,32,17.767789025755338,15.134771184243007,20.40080686726767,3.2408436928360778,16.509066261510576,22.59447276143542,0.0,51.62491636433443,15.0,8.0,24.0
2005,66 and older,5th Quintile,66,25.264249732916056,23.215209616374324,27.31328984945779,10.0,21.299921988705826,40.63298864361322,0.0,55.0,21.0,4.0,31.0
2006,18-29 y.,1st Quintile,270,1.7896875752027828,1.6896953731423887,1.8896797772631768,1.0,1.0,3.0,0.0,6.0,1.0,0.9749999999999943,1.0
2006,18-29 y.,2nd Quintile,348,2.6760367579283244,2.5551105534133383,2.7969629624433106,1.0,2.0,4.0,0.0,8.5,2.0,2.0,2.0
2006,18-29 y.,3rd Quintile,456,2.865417467596361,2.7525101810978736,2.9783247540948485,1.0,2.0,4.0,0.0,8.5,2.0,2.0,2.0
2006,18-29 y.,4th Quintile,499,3.4676524778738487,3.3499394286417097,3.5853655271059877,2.0,3.0,4.0,0.0,7.0,3.0,3.0,4.0
2006,18-29 y.,5th Quintile,315,3.1240178512072116,2.9609830554921435,3.28705264692228,1.0,2.0,4.0,0.0,8.5,2.0,1.0,2.0
2006,30-45 y.,1st Quintile,293,5.2582438882810285,4.9342283182100894,5.582259458351968,1.0,3.0,7.0,0.0,16.0,3.0,2.0,4.0
2006,30-45 y.,2nd Quintile,687,7.635373058287329,7.4034634496523175,7.867282666922341,2.0,6.0,11.0,0.0,24.5,6.0,5.0,7.0
2006,30-45 y.,3rd Quintile,1058,9.42676501238077,9.22309018060287,9.63043984415867,4.0,8.0,14.0,0.0,29.0,8.0,7.974999999999994,9.0
2006,30-45 y.,4th Quintile,1231,10.029111626565076,9.834578685493414,10.223644567636738,4.0,9.0,15.0,0.0,30.0,9.0,9.0,10.0
2006,30-45 y.,5th Quintile,1220,9.164777561120719,8.987081753485063,9.342473368756375,4.0,7.0,14.0,0.0,29.0,7.0,6.0,7.0
2006,46-65 y.,1st Quintile,173,7.174352078598378,6.53035040559625,7.818353751600506,1.0,3.0,9.838988055525109,0.0,23.097470138812774,3.0,1.0,4.0
2006,46-65 y.,2nd Quintile,376,11.712524024368832,11.23029555464112,12.194752494096544,4.0,9.0,16.0,0.0,34.0,9.0,8.0,11.0
2006,46-65 y.,3rd Quintile,764,15.366823109635739,14.98141837014895,15.752227849122528,5.0,14.0,25.0,0.0,45.0,14.0,13.0,16.0
2006,46-65 y.,4th Quintile,1141,17.5677941766503,17.249264296655827,17.88632405664477,8.0,16.0,27.0,0.0,50.0,16.0,15.0,17.0
2006,46-65 y.,5th Quintile,1892,18.9617363692889,18.71377643478363,19.20969630379417,9.0,18.0,28.0,0.0,48.0,18.0,16.0,20.0
2006,66 and older,1st Quintile,,,,,,,,,,,,
2006,66 and older,2nd Quintile,,,,,,,,,,,,
2006,66 and older,3rd Quintile,,,,,,,,,,,,
2006,66 and older,4th Quintile,,,,,,,,,,,,
2006,66 and older,5th Quintile,82,26.937656721045744,25.133050622503,28.74226281958849,9.0,30.610223216465613,40.0,1.0,58.0,32.0,26.0,45.0
2007,18-29 y.,1st Quintile,308,1.7423167839861826,1.6484860439944158,1.8361475239779494,1.0,1.0,2.0,0.0,3.5,1.0,1.0,1.0
2007,18-29 y.,2nd Quintile,349,2.5071809418193474,2.3880897075594625,2.6262721760792322,1.0,2.0,4.0,0.0,8.5,2.0,2.0,3.0
2007,18-29 y.,3rd Quintile,470,2.886439003243976,2.7709110653819145,3.0019669411060375,1.0,2.0,4.0,0.0,8.5,2.0,2.0,2.0
2007,18-29 y.,4th Quintile,487,3.174046563538746,3.0522665205880877,3.2958266064894044,1.0,2.0,5.0,0.0,11.0,2.0,1.0,2.0
2007,18-29 y.,5th Quintile,344,3.015219946686288,2.8764812975252734,3.153958595847303,1.0,2.0,4.0,0.0,8.5,2.0,1.0,2.0
2007,30-45 y.,1st Quintile,271,5.611260140888917,5.25334285804667,5.969177423731164,1.0,3.0,9.0,0.0,21.0,3.0,2.0,4.0
2007,30-45 y.,2nd Quintile,665,7.219813751006063,6.9743821472336895,7.465245354778436,2.0,5.0,11.0,0.0,24.5,5.0,4.0,5.0
2007,30-45 y.,3rd Quintile,1116,8.764104705974368,8.563435527655939,8.964773884292798,3.0,7.0,14.0,0.0,30.0,7.0,7.0,8.0
2007,30-45 y.,4th Quintile,1318,10.130762922337471,9.94907358770277,10.312452256972172,4.0,9.0,15.0,0.0,30.0,9.0,8.0,10.0
2007,30-45 y.,5th Quintile,1379,9.310665326155029,9.135592793378718,9.485737858931339,4.0,8.0,15.0,0.0,29.0,8.0,8.0,9.0
2007,46-65 y.,1st Quintile,176,7.81052336019672,7.166412532917719,8.45463418747572,1.0,4.816762330541831,11.619655169126204,0.0,27.54913792281551,5.0,4.0,7.0
2007,46-65 y.,2nd Quintile,393,11.7324878213182,11.25631954742442,12.20865609521198,4.0,9.0,18.0,0.0,39.0,9.0,7.974999999999994,10.0
2007,46-65 y.,3rd Quintile,762,15.124406835526635,14.73327886585825,15.51553480519502,6.0,13.0,23.0,0.0,46.0,13.0,11.0,14.0
2007,46-65 y.,4th Quintile,1271,17.15418803812655,16.850504690374134,17.457871385878963,7.0,16.0,27.0,0.0,50.0,16.0,15.0,17.0
2007,46-65 y.,5th Quintile,2103,19.01456447688403,18.781381032767474,19.247747921000585,9.0,17.0,28.0,0.0,51.0,17.0,15.0,17.0
2007,66 and older,1st Quintile,,,,,,,,,,,,
2007,66 and older,2nd Quintile,,,,,,,,,,,,
2007,66 and older,3rd Quintile,,,,,,,,,,,,
2007,66 and older,4th Quintile,30,14.758864570833673,12.517189159711036,17.000539981956308,6.0,8.725058595590312,21.86025092114878,0.0,45.65062730287195,8.0,-1.0,10.0
2007,66 and older,5th Quintile,95,26.608065625493474,25.010013790493687,28.20611746049326,13.0,26.650906902052906,39.51404112613116,1.0,57.0,26.0,16.924999999999983,35.0
2008,18-29 y.,1st Quintile,258,1.757872063715258,1.6567320938360528,1.8590120335944633,1.0,1.0,2.0,0.0,3.5,1.0,0.0,1.0
2008,18-29 y.,2nd Quintile,310,2.2895949650537997,2.155975737136494,2.4232141929711055,1.0,1.0,3.0,0.0,6.0,1.0,0.0,1.0
2008,18-29 y.,3rd Quintile,446,2.7475638634985105,2.6361750223309928,2.858952704666028,1.0,2.0,3.0,0.0,6.0,2.0,2.0,2.0
2008,18-29 y.,4th Quintile,497,3.136500831310958,3.0242463158940227,3.2487553467278936,1.0,2.0,4.0,0.0,8.5,2.0,1.0,2.0
2008,18-29 y.,5th Quintile,353,3.064701544113942,2.922505139368929,3.2068979488589546,1.0,2.0,4.0,0.0,8.5,2.0,1.0,2.0
2008,30-45 y.,1st Quintile,255,5.108391799068669,4.748175875033184,5.468607723104154,1.0,2.0,8.0,0.0,18.5,2.0,0.0,3.0
2008,30-45 y.,2nd Quintile,579,6.968094933727255,6.699572563419121,7.23661730403539,2.0,5.0,10.0,0.0,22.0,5.0,4.0,6.0249999999999995
2008,30-45 y.,3rd Quintile,1010,8.90396727358921,8.700108632690789,9.10782591448763,3.0,7.0,14.0,0.0,30.0,7.0,6.0,7.0
2008,30-45 y.,4th Quintile,1237,9.706199566189117,9.51018155572148,9.902217576656753,3.0,8.0,15.0,0.0,30.0,8.0,7.0,8.0
2008,30-45 y.,5th Quintile,1274,9.518882636642257,9.337117189493611,9.700648083790902,4.0,8.0,14.0,0.0,29.0,8.0,7.0,8.0
2008,46-65 y.,1st Quintile,174,7.517132835803838,6.856738617824631,8.177527053783045,1.0,3.0,11.0,0.0,26.0,3.0,1.0,4.0
2008,46-65 y.,2nd Quintile,353,11.993725971250214,11.474578599221786,12.512873343278642,3.0,9.0,18.0,0.0,40.5,9.0,7.0,10.0
2008,46-65 y.,3rd Quintile,730,14.239954657194895,13.862052444937246,14.617856869452543,5.0,12.0,22.0,0.0,46.0,12.0,10.0,13.024999999999999
2008,46-65 y.,4th Quintile,1299,17.142177628728373,16.840178804977395,17.44417645247935,7.0,16.0,27.0,0.0,48.0,16.0,15.0,17.0
2008,46-65 y.,5th Quintile,2073,19.09021833192904,18.853948051624975,19.326488612233106,10.0,18.0,28.0,0.0,51.0,18.0,17.0,19.0
2008,66 and older,1st Quintile,,,,,,,,,,,,
2008,66 and older,2nd Quintile,,,,,,,,,,,,
2008,66 and older,3rd Quintile,,,,,,,,,,,,
2008,66 and older,4th Quintile,42,16.233867746469464,14.17823164187604,18.28950385106289,5.0,10.0,28.582502501435656,1.0,48.0,10.0,-5.0,14.0
2008,66 and older,5th Quintile,105,30.261437419472166,28.767936113025062,31.75493872591927,18.0,34.33628848812321,44.0,2.0,58.0,34.0,28.0,43.0
2009,18-29 y.,1st Quintile,238,1.8252226202143929,1.7005070237415438,1.9499382166872419,1.0,1.0,2.0,0.0,3.5,1.0,1.0,1.0
2009,18-29 y.,2nd Quintile,235,2.4847244499987755,2.344204507942458,2.625244392055093,1.0,2.0,3.0,0.0,6.0,2.0,2.0,2.0
2009,18-29 y.,3rd Quintile,373,2.7073256294346297,2.590442749277581,2.8242085095916787,1.0,2.0,3.0,0.0,6.0,2.0,2.0,2.0
2009,18-29 y.,4th Quintile,469,2.994884795884454,2.8762045272330505,3.113565064535858,1.0,2.0,4.0,0.0,8.5,2.0,1.9749999999999943,2.0
2009,18-29 y.,5th Quintile,373,3.651128948682073,3.502353986144417,3.7999039112197286,1.0,3.0,6.0,0.0,13.5,3.0,3.0,4.0
2009,30-45 y.,1st Quintile,203,5.045738161794751,4.667607571854162,5.42386875173534,1.0,3.0,7.4829684907054705,0.0,17.207421226763678,3.0,2.0,4.0
2009,30-45 y.,2nd Quintile,524,7.546962068594026,7.271195457022446,7.822728680165606,2.0,6.0,11.0,0.0,24.5,6.0,5.0,7.0
2009,30-45 y.,3rd Quintile,846,8.82772915478542,8.585657615664818,9.069800693906021,2.0,7.0,14.0,0.0,31.0,7.0,6.0,8.0
2009,30-45 y.,4th Quintile,1121,9.311459172739813,9.106348271666757,9.516570073812868,3.0,8.0,15.0,0.0,29.0,8.0,7.0,9.0
2009,30-45 y.,5th Quintile,1228,9.516084660544628,9.327919276578536,9.70425004451072,4.0,8.0,14.0,0.0,29.0,8.0,7.0,9.0
2009,46-65 y.,1st Quintile,167,7.6516418416988286,6.929617455726168,8.373666227671489,1.0,3.0,10.0,0.0,23.5,3.0,1.0,4.0
2009,46-65 y.,2nd Quintile,324,10.902900890130798,10.39696767901065,11.408834101250946,3.0,8.0,17.0,0.0,38.0,8.0,6.974999999999994,10.0
2009,46-65 y.,3rd Quintile,678,13.7676088701575,13.389888538980378,14.145329201334624,5.0,12.0,20.0,0.0,42.5,12.0,11.0,14.0
2009,46-65 y.,4th Quintile,1189,17.265301964748865,16.943868519122034,17.586735410375695,7.0,17.0,27.0,0.0,48.0,17.0,16.0,19.0
2009,46-65 y.,5th Quintile,2092,19.31518398066589,19.07857556501694,19.551792396314838,10.0,19.0,29.0,0.0,48.0,19.0,19.0,20.0
2009,66 and older,1st Quintile,,,,,,,,,,,,
2009,66 and older,2nd Quintile,,,,,,,,,,,,
2009,66 and older,3rd Quintile,,,,,,,,,,,,
2009,66 and older,4th Quintile,43,20.372230149112095,18.231728216442356,22.512732081781834,6.510429182854843,16.72565327529908,31.14692843827254,1.0,53.0,17.0,5.0,25.0
2009,66 and older,5th Quintile,129,24.582888877434282,23.148116849934535,26.01766090493403,7.0,24.269893310720242,39.32899040903249,0.0,64.0,24.0,14.974999999999994,33.0
2010,18-29 y.,1st Quintile,177,1.6713875688414008,1.5573038398753023,1.7854712978074994,1.0,1.0,2.0,0.0,3.5,1.0,0.0,1.0
2010,18-29 y.,2nd Quintile,229,2.553607874082799,2.4132282691106752,2.6939874790549228,1.0,2.0,3.619593907167724,0.0,7.54898476791931,2.0,2.0,3.0
2010,18-29 y.,3rd Quintile,306,2.8052152108799904,2.6769677109331695,2.933462710826811,1.0,2.0,4.0,0.0,8.5,2.0,1.0,2.0
2010,18-29 y.,4th Quintile,428,3.254380947929097,3.1208425113460194,3.3879193845121742,1.0,2.0,4.0,0.0,8.5,2.0,1.0,2.0
2010,18-29 y.,5th Quintile,340,3.339879413378315,3.1963556392509953,3.4834031875056346,1.0,2.0,4.458943176054562,0.0,9.647357940136406,2.0,1.0,2.0
2010,30-45 y.,1st Quintile,166,6.6769975214111525,6.223199228514308,7.130795814307997,1.0,4.0,11.597492262123707,0.0,23.0,4.0,0.9749999999999943,5.0
2010,30-45 y.,2nd Quintile,392,6.982204612598159,6.670653252079469,7.293755973116849,2.0,5.0,11.0,0.0,24.5,5.0,3.0,7.0
2010,30-45 y.,3rd Quintile,686,9.130930967237079,8.86036783948076,9.401494094993398,3.0,8.0,13.0,0.0,28.0,8.0,7.0,10.0
2010,30-45 y.,4th Quintile,1076,9.759654249687054,9.538349825154649,9.98095867421946,3.0,8.0,15.0,0.0,30.0,8.0,7.0,9.0
2010,30-45 y.,5th Quintile,1105,9.575339384179761,9.373481222084411,9.777197546275112,3.0,8.0,14.0,0.0,30.0,8.0,6.0,9.0
2010,46-65 y.,1st Quintile,163,8.573946832198633,7.847209224788593,9.300684439608673,1.0,5.0,13.0,0.0,31.0,5.0,4.0,7.0
2010,46-65 y.,2nd Quintile,290,9.542295874647081,9.023584068491225,10.061007680802938,2.0,7.0,15.0,0.0,34.5,7.0,5.0,10.0
2010,46-65 y.,3rd Quintile,650,13.806801081178394,13.405293214591065,14.208308947765723,4.0,11.0,20.0,0.0,44.0,11.0,8.0,12.0
2010,46-65 y.,4th Quintile,1118,17.35176507395677,17.022513791697545,17.681016356215995,7.172414197385765,17.0,26.0,0.0,48.0,17.0,15.0,19.0
2010,46-65 y.,5th Quintile,2112,19.440036113118087,19.203623184083458,19.676449042152715,10.0,19.0,29.0,0.0,48.0,19.0,18.0,20.0
2010,66 and older,1st Quintile,,,,,,,,,,,,
2010,66 and older,2nd Quintile,,,,,,,,,,,,
2010,66 and older,3rd Quintile,,,,,,,,,,,,
2010,66 and older,4th Quintile,44,16.488048077332937,14.522236932102354,18.453859222563523,4.515947617981648,11.0,29.907819206961875,1.0,42.0,11.0,-5.0,15.0
2010,66 and older,5th Quintile,122,21.684323253526415,20.199426453824557,23.169220053228273,6.0,20.0,36.0,0.0,61.0,20.0,13.974999999999994,27.025
2011,18-29 y.,1st Quintile,248,1.8250873739140185,1.7170455309234423,1.9331292169045948,1.0,1.0,3.0,0.0,6.0,1.0,1.0,1.0
2011,18-29 y.,2nd Quintile,375,2.0166578569138287,1.918564397540408,2.1147513162872493,1.0,1.0,3.0,0.0,6.0,1.0,0.0,1.0
2011,18-29 y.,3rd Quintile,426,2.581891903147656,2.4788455437688244,2.6849382625264875,1.0,2.0,4.0,0.0,8.5,2.0,2.0,2.0
2011,18-29 y.,4th Quintile,483,3.1888000974085102,3.0640962647948387,3.313503930022182,1.0,2.0,4.0,0.0,8.5,2.0,1.0,2.0
2011,18-29 y.,5th Quintile,357,3.221604662389451,3.0826853833028762,3.3605239414760257,1.0,2.0,4.0,0.0,8.5,2.0,1.0,2.0
2011,30-45 y.,1st Quintile,406,3.3495342124244174,3.1521661995750634,3.5469022252737714,1.0,1.0,5.0,0.0,11.0,1.0,0.0,1.0
2011,30-45 y.,2nd Quintile,1082,7.410830891266462,7.211661434864512,7.610000347668413,2.0,5.0,12.0,0.0,27.0,5.0,4.974999999999994,6.0
2011,30-45 y.,3rd Quintile,1366,8.536571707269076,8.36354252518061,8.70960088935754,3.0,8.0,13.0,0.0,28.0,8.0,7.0,10.0
2011,30-45 y.,4th Quintile,1673,9.615215491758219,9.443324611654024,9.787106371862414,3.0,8.0,15.0,0.0,30.0,8.0,7.0,9.0
2011,30-45 y.,5th Quintile,1631,9.024290932630526,8.864929927565274,9.183651937695778,3.0,8.0,13.0,0.0,28.0,8.0,7.0,9.0
2011,46-65 y.,1st Quintile,238,5.981968232708188,5.530161632344113,6.433774833072263,1.0,3.0,7.0,0.0,16.0,3.0,1.0,4.0
2011,46-65 y.,2nd Quintile,459,9.775985702585325,9.34981186331503,10.202159541855622,2.0,5.0,17.0,0.0,39.5,5.0,2.0,6.0
2011,46-65 y.,3rd Quintile,828,13.742475595971229,13.400628875361404,14.084322316581053,5.0,12.0,20.0,0.0,42.5,12.0,10.0,14.0
2011,46-65 y.,4th Quintile,1335,16.947396326714326,16.642214267871594,17.252578385557058,6.0,16.0,26.0,0.0,48.0,16.0,14.0,18.0
2011,46-65 y.,5th Quintile,2199,19.18047032759075,18.949471649476095,19.411469005705406,10.0,19.0,28.0,0.0,48.0,19.0,18.0,20.0
2011,66 and older,1st Quintile,,,,,,,,,,,,
2011,66 and older,2nd Quintile,,,,,,,,,,,,
2011,66 and older,3rd Quintile,,,,,,,,,,,,
2011,66 and older,4th Quintile,40,16.665291912649547,14.354138389023507,18.976445436275586,4.972012865617595,10.887492702681746,25.721249926588428,1.0,56.0,11.0,0.9499999999999886,16.0
2011,66 and older,5th Quintile,96,24.79552089347645,23.189593295127594,26.401448491825306,10.0,26.0,39.0,0.0,58.0,26.0,23.0,34.025
2012,18-29 y.,1st Quintile,293,1.6195397967895162,1.5236572912782556,1.7154223023007769,1.0,1.0,2.0,0.0,3.5,1.0,1.0,1.0
2012,18-29 y.,2nd Quintile,369,2.4431382657898535,2.340933079424429,2.545343452155278,1.0,2.0,3.0,0.0,6.0,2.0,2.0,3.0
2012,18-29 y.,3rd Quintile,450,2.6651783114198415,2.5610388681438176,2.7693177546958654,1.0,2.0,3.8136791710610574,0.0,8.034197927652643,2.0,2.0,2.0
2012,18-29 y.,4th Quintile,544,2.9012450638516105,2.801878423223782,3.000611704479439,1.0,2.0,4.0,0.0,8.5,2.0,2.0,2.0
2012,18-29 y.,5th Quintile,384,3.4754025239559074,3.3415259622544204,3.6092790856573944,1.0,3.0,5.0,0.0,11.0,3.0,3.0,4.0
2012,30-45 y.,1st Quintile,450,4.166966607356121,3.9371942741228247,4.396738940589418,1.0,2.0,6.0,0.0,13.5,2.0,2.0,3.0
2012,30-45 y.,2nd Quintile,1169,6.065538541729568,5.9078571312374235,6.223219952221712,1.0,4.0,10.0,0.0,23.5,4.0,3.0,5.0
2012,30-45 y.,3rd Quintile,1493,8.469534090397554,8.2921694122868,8.646898768508308,2.0,6.0,13.0,0.0,29.5,6.0,4.0,7.0
2012,30-45 y.,4th Quintile,1802,9.205296563909492,9.045384038281355,9.365209089537629,3.0,8.0,14.0,0.0,30.0,8.0,7.0,9.0
2012,30-45 y.,5th Quintile,1869,9.031940400031942,8.88388657270822,9.179994227355664,4.0,8.0,13.0,0.0,26.5,8.0,7.0,9.0
2012,46-65 y.,1st Quintile,293,6.732318557502578,6.275028746878763,7.189608368126392,1.0,3.0,9.0,0.0,21.0,3.0,2.0,3.0
2012,46-65 y.,2nd Quintile,617,11.082433746479786,10.687740720415611,11.477126772543961,3.0,7.0,18.0,0.0,40.5,7.0,4.0,9.0
2012,46-65 y.,3rd Quintile,977,13.408173792605156,13.086195698777525,13.730151886432788,4.0,11.0,21.0,0.0,46.5,11.0,9.0,12.0
2012,46-65 y.,4th Quintile,1636,17.030286846699553,16.757723069103434,17.302850624295672,6.0,16.0,26.0,0.0,49.0,16.0,15.0,17.0
2012,46-65 y.,5th Quintile,2688,18.946071748005693,18.736151978024033,19.155991517987353,9.0,19.0,28.0,0.0,51.0,19.0,18.0,20.0
2012,66 and older,1st Quintile,,,,,,,,,,,,
2012,66 and older,2nd Quintile,,,,,,,,,,,,
2012,66 and older,3rd Quintile,43,17.98850844914437,15.617580212908502,20.35943668538024,4.0,11.513873309804133,28.0,1.0,63.0,11.0,0.0,17.0
2012,66 and older,4th Quintile,59,12.63152034462336,11.231360594833575,14.031680094413144,4.447426304259829,9.109363866912982,15.75451638602153,1.0,32.71515150866408,9.0,5.0,12.0
2012,66 and older,5th Quintile,132,21.792660248669097,20.537106613609083,23.04821388372911,8.888981334742004,22.0,33.0,0.0,58.0,22.0,18.0,30.025
2013,18-29 y.,1st Quintile,287,1.999858195178301,1.8818108871463521,2.11790550321025,1.0,1.0,3.0,0.0,6.0,1.0,0.0,1.0
2013,18-29 y.,2nd Quintile,377,2.600081794022004,2.4715824630339136,2.7285811250100944,1.0,2.0,3.0,0.0,6.0,2.0,2.0,3.0
2013,18-29 y.,3rd Quintile,450,2.9055163110661764,2.7877736202145322,3.0232590019178205,1.0,2.0,4.0,0.0,8.5,2.0,2.0,2.0
2013,18-29 y.,4th Quintile,550,3.211317311588751,3.101814751419006,3.320819871758496,1.0,2.0,5.0,0.0,11.0,2.0,1.0,2.0
2013,18-29 y.,5th Quintile,452,3.318378348827061,3.1966844900412297,3.4400722076128925,1.0,2.0968123040683575,5.0,0.0,11.0,2.0,1.0,2.0
2013,30-45 y.,1st Quintile,376,3.5275664747304756,3.2958135446939596,3.7593194047669916,1.0,2.0,5.0,0.0,11.0,2.0,1.0,3.0
2013,30-45 y.,2nd Quintile,1039,6.336575611588379,6.158749259500207,6.5144019636765504,1.0,4.0,10.0,0.0,23.5,4.0,3.0,5.0
2013,30-45 y.,3rd Quintile,1483,7.4170958219234135,7.246151607441525,7.588040036405302,2.0,5.0,12.0,0.0,27.0,5.0,4.0,6.0
2013,30-45 y.,4th Quintile,1782,9.28001973355164,9.114705924977821,9.445333542125459,3.0,7.0,14.0,0.0,29.0,7.0,6.0,7.0
2013,30-45 y.,5th Quintile,1843,9.039075679589361,8.88992668776941,9.188224671409312,3.0,8.0,13.0,0.0,28.0,8.0,7.0,9.0
2013,46-65 y.,1st Quintile,298,5.725866408585118,5.308607081890221,6.143125735280014,1.0,3.0,7.0,0.0,16.0,3.0,2.0,4.0
2013,46-65 y.,2nd Quintile,658,10.484566655153285,10.119239412845252,10.84989389746132,3.0,6.0,17.0,0.0,38.0,6.0,4.0,7.0
2013,46-65 y.,3rd Quintile,1050,13.550669850953446,13.239813874413626,13.861525827493265,4.0,12.0,21.0,0.0,46.5,12.0,10.0,13.0
2013,46-65 y.,4th Quintile,1761,16.296929011556372,16.02891899285583,16.564939030256916,6.0,15.0,25.0,0.0,50.0,15.0,14.0,17.0
2013,46-65 y.,5th Quintile,2982,19.105931148070503,18.905682268154,19.306180027987008,10.0,19.0,28.0,0.0,48.0,19.0,18.0,20.0
2013,66 and older,1st Quintile,,,,,,,,,,,,
2013,66 and older,2nd Quintile,,,,,,,,,,,,
2013,66 and older,3rd Quintile,45,14.97220732102397,13.14455825110123,16.799856390946708,5.0,10.839623375882011,25.356248020318862,0.0,55.89062005079715,11.0,4.974999999999994,16.025
2013,66 and older,4th Quintile,67,21.51802432787029,19.553344285000215,23.482704370740365,7.340448203470149,17.90503109866478,33.0,1.0,64.0,18.0,10.0,27.0
2013,66 and older,5th Quintile,144,19.451956257389256,18.291997464883067,20.611915049895444,6.997963459906749,15.0,32.0,0.0,60.0,15.0,9.0,20.0
2014,18-29 y.,1st Quintile,390,1.8142995403929052,1.7017570696725581,1.9268420111132523,1.0,1.0,2.0,0.0,3.5,1.0,1.0,1.0
2014,18-29 y.,2nd Quintile,462,1.9299467892839632,1.8531924700174376,2.0067011085504887,1.0,1.0,3.0,0.0,6.0,1.0,0.0,1.0
2014,18-29 y.,3rd Quintile,528,2.65844743160539,2.5602534660010643,2.7566413972097155,1.0,2.0,4.0,0.0,8.5,2.0,2.0,2.0
2014,18-29 y.,4th Quintile,652,3.235731270188334,3.136118269934887,3.3353442704417806,1.0,2.0,4.0,0.0,8.5,2.0,1.0,2.0
2014,18-29 y.,5th Quintile,527,3.1919661446314036,3.081693476775942,3.3022388124868653,1.0,2.0,4.0,0.0,8.5,2.0,1.0,2.0
2014,30-45 y.,1st Quintile,415,3.6930992410826806,3.49375964558662,3.8924388365787412,1.0,2.0,5.0,0.0,11.0,2.0,1.0,2.0
2014,30-45 y.,2nd Quintile,1042,5.786030180564015,5.610926477606883,5.961133883521146,1.0,4.0,9.0,0.0,21.0,4.0,4.0,5.0
2014,30-45 y.,3rd Quintile,1589,7.109116769580833,6.951207090169838,7.267026448991828,2.0,5.0,11.0,0.0,24.5,5.0,4.0,6.0
2014,30-45 y.,4th Quintile,1801,8.572155662867308,8.416884492765481,8.727426832969135,3.0,7.0,13.0,0.0,28.0,7.0,7.0,8.0
2014,30-45 y.,5th Quintile,1946,8.773016954788728,8.626391381900474,8.919642527676983,3.0,7.0,13.0,0.0,28.0,7.0,6.0,8.0
2014,46-65 y.,1st Quintile,347,6.815781738346953,6.384997574145872,7.246565902548033,1.0,4.0,10.0,0.0,23.5,4.0,3.0,6.0
2014,46-65 y.,2nd Quintile,745,10.018063266945607,9.679021678126917,10.357104855764296,2.0,6.892673939138275,16.0,0.0,37.0,7.0,6.0,9.0
2014,46-65 y.,3rd Quintile,1053,13.291957227437162,12.967755121320593,13.616159333553732,3.0,12.0,21.0,0.0,48.0,12.0,11.0,15.0
2014,46-65 y.,4th Quintile,1756,16.684832305862717,16.42078822828852,16.948876383436914,6.0,15.0,24.0,0.0,49.0,15.0,14.0,16.0
2014,46-65 y.,5th Quintile,3088,18.99911800878131,18.80064018099891,19.197595836563707,9.0,19.0,27.0,0.0,48.0,19.0,18.0,21.0
2014,66 and older,1st Quintile,,,,,,,,,,,,
2014,66 and older,2nd Quintile,,,,,,,,,,,,
2014,66 and older,3rd Quintile,59,14.499157593100254,12.693404658898285,16.304910527302223,2.6771876564847275,10.0,24.211501430834346,0.0,56.51297209235878,10.0,3.0,15.0
2014,66 and older,4th Quintile,73,16.094750376242487,14.605190019638915,17.58431073284606,6.0,12.255939510035397,27.96635726438653,0.0,55.0,12.0,5.0,16.0
2014,66 and older,5th Quintile,156,23.36384018401475,22.215215985011874,24.51246438301763,9.262088758142275,22.0,36.0,0.0,61.0,22.0,14.949999999999989,28.0
2015,18-29 y.,1st Quintile,340,1.6255675704357704,1.526717060616628,1.7244180802549127,0.0,1.0,2.0,0.0,5.0,1.0,1.0,1.0
2015,18-29 y.,2nd Quintile,365,2.103084671073339,1.9951929023454205,2.2109764398012577,1.0,2.0,3.0,0.0,6.0,2.0,2.0,3.0
2015,18-29 y.,3rd Quintile,512,2.6447317241608492,2.5290272109961056,2.760436237325593,1.0,2.0,3.0,0.0,6.0,2.0,2.0,2.0
2015,18-29 y.,4th Quintile,620,3.0016194051638148,2.903712312920913,3.0995264974067167,1.0,2.0,4.0,0.0,8.5,2.0,1.0,2.0
2015,18-29 y.,5th Quintile,533,3.317894446793313,3.196904084682324,3.438884808904302,1.0,2.0,5.0,0.0,11.0,2.0,1.0,2.0
2015,30-45 y.,1st Quintile,334,4.064477506770038,3.785453396571761,4.343501616968314,1.0,2.0,5.0,0.0,11.0,2.0,0.9749999999999943,3.0
2015,30-45 y.,2nd Quintile,811,5.455591525341966,5.261621151982035,5.649561898701896,1.0,3.0,9.0,0.0,21.0,3.0,2.0,3.0
2015,30-45 y.,3rd Quintile,1298,7.287728946783357,7.1120948883958395,7.463363005170875,2.0,5.0,12.0,0.0,27.0,5.0,4.0,6.0
2015,30-45 y.,4th Quintile,1658,8.537770542148118,8.374578425771633,8.700962658524604,3.0,6.0,13.0,0.0,28.0,6.0,5.0,6.0
2015,30-45 y.,5th Quintile,1828,8.565683432601192,8.419157335986645,8.71220952921574,3.0,7.0,13.0,0.0,28.0,7.0,6.0,7.0
2015,46-65 y.,1st Quintile,272,7.936589193157255,7.442414481281152,8.43076390503336,1.0,5.0,13.0,0.0,31.0,5.0,4.0,7.0
2015,46-65 y.,2nd Quintile,685,10.62042688355276,10.223708155479647,11.017145611625873,2.0,7.0,15.0,0.0,34.5,7.0,6.0,8.0
2015,46-65 y.,3rd Quintile,1002,11.839234692277522,11.509399409979707,12.169069974575336,3.0,8.0,20.0,0.0,45.5,8.0,7.0,9.024999999999999
2015,46-65 y.,4th Quintile,1704,15.716140805351221,15.452599854992778,15.979681755709665,5.0,15.0,24.0,0.0,46.0,15.0,14.0,17.0
2015,46-65 y.,5th Quintile,3107,18.91071457832753,18.71062721609612,19.110801940558936,9.0,18.0,27.0,0.0,49.0,18.0,16.0,19.0
2015,66 and older,1st Quintile,,,,,,,,,,,,
2015,66 and older,2nd Quintile,,,,,,,,,,,,
2015,66 and older,3rd Quintile,49,11.896333039216088,10.28651911088635,13.506146967545828,3.0,10.0,13.0,0.0,28.0,10.0,7.0,15.0
2015,66 and older,4th Quintile,85,17.066547475531628,15.58792464904238,18.54517030202088,5.0,12.901279823926062,30.161788605022785,1.0,58.0,13.0,9.0,19.0
2015,66 and older,5th Quintile,157,22.55740865427051,21.387410857880322,23.7274064506607,9.0,21.45177487665374,35.470459684112825,0.0,53.0,21.0,16.0,27.0
2016,18-29 y.,1st Quintile,338,1.427455807038246,1.3409359369502196,1.5139756771262722,0.0,1.0,2.0,0.0,5.0,1.0,1.0,1.0
2016,18-29 y.,2nd Quintile,347,1.9876620360628825,1.8890801745679393,2.086243897557826,1.0,1.0,3.0,0.0,6.0,1.0,0.0,1.0
2016,18-29 y.,3rd Quintile,497,2.333924105459806,2.244274402267555,2.4235738086520566,1.0,2.0,3.0,0.0,6.0,2.0,2.0,3.0
2016,18-29 y.,4th Quintile,605,3.006498419546972,2.900188543100422,3.112808295993522,1.0,2.0,4.0,0.0,8.5,2.0,2.0,2.0
2016,18-29 y.,5th Quintile,544,3.337101846078373,3.229095964042052,3.4451077281146936,1.0,3.0,5.0,0.0,11.0,3.0,3.0,4.0
2016,30-45 y.,1st Quintile,340,3.399902321742886,3.1688626254648753,3.630942018020897,1.0,2.0,4.0,0.0,8.5,2.0,2.0,3.0
2016,30-45 y.,2nd Quintile,768,5.072752822708146,4.878472626992841,5.267033018423452,1.0,3.0,7.0,0.0,16.0,3.0,2.0,4.0
2016,30-45 y.,3rd Quintile,1144,7.120276593555372,6.932701010365313,7.30785217674543,2.0,5.0,10.0,0.0,22.0,5.0,4.0,6.0
2016,30-45 y.,4th Quintile,1579,7.998095704833377,7.829388881507124,8.16680252815963,2.0,5.0,13.0,0.0,29.0,5.0,4.0,5.0
2016,30-45 y.,5th Quintile,1879,8.399905685664018,8.2592761668331,8.540535204494937,3.0,7.0,13.0,0.0,28.0,7.0,6.0,8.0
2016,46-65 y.,1st Quintile,278,7.168515099335926,6.709382232357813,7.62764796631404,1.0,4.0,12.0,0.0,28.5,4.0,3.0,6.0
2016,46-65 y.,2nd Quintile,534,8.799116399807419,8.396901853168558,9.20133094644628,2.0,5.0,12.0,0.0,27.0,5.0,3.0,6.0
2016,46-65 y.,3rd Quintile,983,11.219074025799454,10.912180655247326,11.525967396351582,3.0,8.0,18.0,0.0,40.5,8.0,7.0,10.0
2016,46-65 y.,4th Quintile,1676,15.53863025577126,15.268540931152799,15.80871958038972,5.0,14.0,24.0,0.0,51.0,14.0,13.0,15.0
2016,46-65 y.,5th Quintile,3191,18.670083894793894,18.47022852023941,18.86993926934838,9.0,18.0,27.0,0.0,50.0,18.0,17.0,19.0
2016,66 and older,1st Quintile,,,,,,,,,,,,
2016,66 and older,2nd Quintile,,,,,,,,,,,,
2016,66 and older,3rd Quintile,49,10.857820640837607,9.373559156421175,12.34208212525404,2.0,6.9911338470649165,15.036058165156117,0.0,34.590145412890294,7.0,1.0,11.0
2016,66 and older,4th Quintile,77,13.799627298707804,12.425414077150776,15.173840520264832,4.251109945214581,10.302463364813173,17.0,0.0,36.12333508217813,10.0,8.0,13.0
2016,66 and older,5th Quintile,176,21.622422877760382,20.53889420882954,22.705951546691225,9.0,20.0,33.0,0.0,62.0,20.0,16.0,26.0
2017,18-29 y.,1st Quintile,386,1.291841508205671,1.2156581875108081,1.3680248289005337,0.0,1.0,2.0,0.0,5.0,1.0,1.0,1.0
2017,18-29 y.,2nd Quintile,364,1.7695408608130327,1.6866283663263182,1.8524533552997473,1.0,1.0,3.0,0.0,6.0,1.0,0.0,1.0
2017,18-29 y.,3rd Quintile,424,2.3091169040752657,2.2127487240891357,2.4054850840613957,1.0,2.0,3.0,0.0,6.0,2.0,2.0,3.0
2017,18-29 y.,4th Quintile,585,3.102076404169833,2.9897233683230278,3.214429440016638,1.0,2.0,5.0,0.0,11.0,2.0,2.0,2.0
2017,18-29 y.,5th Quintile,622,3.4260536862416524,3.316625607034241,3.535481765449064,1.0,3.0,5.0,0.0,11.0,3.0,3.0,4.0
2017,30-45 y.,1st Quintile,391,4.012632581082211,3.734787894618804,4.290477267545618,1.0,2.0,4.0839048685137875,0.0,8.709762171284469,2.0,2.0,3.0
2017,30-45 y.,2nd Quintile,642,4.690789994458162,4.512786117954965,4.868793870961358,1.0,3.0,7.0,0.0,16.0,3.0,2.0,4.0
2017,30-45 y.,3rd Quintile,1095,7.031559862471397,6.843172221452489,7.219947503490305,2.0,5.0,11.0,0.0,24.5,5.0,4.0,6.0
2017,30-45 y.,4th Quintile,1398,7.715248273788711,7.545386543301599,7.885110004275822,2.0,6.0,12.0,0.0,27.0,6.0,6.0,7.0
2017,30-45 y.,5th Quintile,1790,8.51666537208045,8.370342099378309,8.66298864478259,3.0,7.0,13.0,0.0,28.0,7.0,7.0,8.0
2017,46-65 y.,1st Quintile,240,7.094806857910204,6.590873746669749,7.598739969150659,1.0,4.453062915366582,10.0,0.0,23.5,4.0,2.9749999999999943,5.0
2017,46-65 y.,2nd Quintile,478,8.80394334879928,8.382455371828621,9.225431325769938,2.0,5.0,13.0,0.0,29.5,5.0,4.0,6.0
2017,46-65 y.,3rd Quintile,895,11.17046515618009,10.842151511001825,11.498778801358354,3.0,8.0,17.0,0.0,38.0,8.0,7.0,10.0
2017,46-65 y.,4th Quintile,1578,15.447897540766574,15.167212658512241,15.728582423020907,5.0,14.0,24.0,0.0,48.0,14.0,12.0,16.0
2017,46-65 y.,5th Quintile,3334,18.390828468895723,18.19329181848781,18.588365119303635,8.0,18.0,27.0,0.0,50.0,18.0,18.0,19.0
2017,66 and older,1st Quintile,,,,,,,,,,,,
2017,66 and older,2nd Quintile,,,,,,,,,,,,
2017,66 and older,3rd Quintile,48,12.325844586180263,10.740252668384883,13.911436503975644,3.7527650262447887,10.462568944829908,13.034195618132635,0.0,26.956341505964406,10.0,7.0,14.0
2017,66 and older,4th Quintile,89,16.26713507071041,14.770388187442279,17.76388195397854,4.470642540242015,11.812878468392476,27.460413503073557,0.0,60.0,12.0,5.0,17.0
2017,66 and older,5th Quintile,184,21.237838461716027,20.12890968024925,22.346767243182803,7.0,19.0,34.35436281691187,0.0,57.0,19.0,13.0,26.025
2018,18-29 y.,1st Quintile,516,1.6317682578241097,1.5431938161052567,1.7203426995429627,0.0,1.0,2.0,0.0,5.0,1.0,1.0,1.0
2018,18-29 y.,2nd Quintile,365,1.8630727991416387,1.7752128849091393,1.950932713374138,1.0,1.0,2.0,0.0,3.5,1.0,0.0,1.0
2018,18-29 y.,3rd Quintile,501,2.3607333830416652,2.265710235173132,2.4557565309101985,1.0,2.0,3.0,0.0,6.0,2.0,2.0,3.0
2018,18-29 y.,4th Quintile,721,2.771171551494284,2.667994538762214,2.8743485642263535,1.0,2.0,4.0,0.0,8.5,2.0,2.0,2.0
2018,18-29 y.,5th Quintile,718,3.3710180698396615,3.273808400982607,3.468227738696716,1.0,3.0,5.0,0.0,11.0,3.0,3.0,4.0
2018,30-45 y.,1st Quintile,489,3.441237157655358,3.2386279104347264,3.64384640487599,1.0,1.0,4.0,0.0,8.5,1.0,0.0,1.0
2018,30-45 y.,2nd Quintile,589,4.8817424673776015,4.680284462555527,5.083200472199676,1.0,3.0,7.0,0.0,16.0,3.0,2.0,3.0249999999999995
2018,30-45 y.,3rd Quintile,995,6.771608226692267,6.582708284627914,6.96050816875662,2.0,5.0,10.0,0.0,22.0,5.0,5.0,6.0
2018,30-45 y.,4th Quintile,1544,7.6938089338151245,7.532700940345332,7.854916927284917,2.0,6.0,12.0,0.0,27.0,6.0,6.0,7.0
2018,30-45 y.,5th Quintile,2013,8.207620195613778,8.068142538648189,8.347097852579367,3.0,6.0,12.0,0.0,25.5,6.0,5.0,6.0
2018,46-65 y.,1st Quintile,273,6.355948484435509,5.8969229720550675,6.814973996815951,1.0,4.0,8.0,0.0,18.5,4.0,3.0,6.0
2018,46-65 y.,2nd Quintile,496,8.21196576411867,7.827177786093088,8.596753742144251,2.0,5.0,11.0,0.0,24.5,5.0,3.9749999999999943,6.0
2018,46-65 y.,3rd Quintile,908,11.368493922002296,11.036520689069855,11.700467154934737,3.0,7.0,18.0,0.0,40.5,7.0,5.0,8.0
2018,46-65 y.,4th Quintile,1882,15.364101892384516,15.10854905137396,15.619654733395073,5.0,13.0,24.0,0.0,49.0,13.0,11.0,14.0
2018,46-65 y.,5th Quintile,3905,18.353744053793577,18.172190576180498,18.535297531406655,8.0,18.0,28.0,0.0,51.0,18.0,17.0,19.0
2018,66 and older,1st Quintile,,,,,,,,,,,,
2018,66 and older,2nd Quintile,,,,,,,,,,,,
2018,66 and older,3rd Quintile,48,15.280967503101397,13.306813583324281,17.255121422878513,3.0,10.0,19.0,0.0,43.0,10.0,4.0,17.0
2018,66 and older,4th Quintile,94,17.607180704601937,16.136230772165135,19.07813063703874,6.0,12.0,26.979809124360834,0.0,58.44952281090208,12.0,6.0,15.0
2018,66 and older,5th Quintile,232,19.091599517393753,18.13986236665042,20.043336668137087,5.0,17.0,31.169220499379108,0.0,56.0,17.0,12.0,24.0
2019,18-29 y.,1st Quintile,457,1.2220117125675365,1.1617692305626968,1.2822541945723762,0.0,1.0,2.0,0.0,5.0,1.0,1.0,1.0
2019,18-29 y.,2nd Quintile,359,2.1406886566396546,2.0340085295642623,2.247368783715047,1.0,1.644463408503943,3.0,0.0,6.0,2.0,2.0,3.0
2019,18-29 y.,3rd Quintile,455,2.2180475922541762,2.115208082298616,2.3208871022097366,1.0,1.0,3.0,0.0,6.0,1.0,0.0,1.0
2019,18-29 y.,4th Quintile,669,2.7073247536108016,2.6180091567657886,2.7966403504558146,1.0,2.0,4.0,0.0,8.5,2.0,2.0,2.0
2019,18-29 y.,5th Quintile,758,3.2469102435363535,3.1523193960355638,3.341501091037143,1.0,2.0,5.0,0.0,11.0,2.0,1.0,2.0
2019,30-45 y.,1st Quintile,495,2.654075088243708,2.5003339221455962,2.80781625434182,0.0,1.0,3.0,0.0,7.5,1.0,0.0,1.0
2019,30-45 y.,2nd Quintile,573,4.356587676789214,4.173666082220524,4.539509271357905,1.0,3.0,6.0,0.0,13.5,3.0,2.0,4.0
2019,30-45 y.,3rd Quintile,845,6.418485550261077,6.22925612779,6.607714972732154,2.0,5.0,10.0,0.0,22.0,5.0,5.0,6.0
2019,30-45 y.,4th Quintile,1339,7.297813007201259,7.122060898380654,7.473565116021864,2.0,5.0,11.0,0.0,24.5,5.0,4.0,5.0
2019,30-45 y.,5th Quintile,1921,8.258979890058297,8.117141677857916,8.400818102258679,3.0,7.0,12.0,0.0,25.5,7.0,7.0,8.0
2019,46-65 y.,1st Quintile,223,6.037595567243809,5.595588830836185,6.479602303651433,1.0,4.0,9.0,0.0,21.0,4.0,2.0,6.0
2019,46-65 y.,2nd Quintile,418,6.999879777289823,6.689542889900581,7.310216664679064,2.0,5.0,10.0,0.0,22.0,5.0,3.0,7.0
2019,46-65 y.,3rd Quintile,805,11.270591885394857,10.945091892310415,11.5960918784793,3.0,9.0,17.71408949041381,0.0,39.785223726034516,9.0,8.0,11.0
2019,46-65 y.,4th Quintile,1578,14.780960251286329,14.499619256139123,15.062301246433535,5.0,12.0,24.0,0.0,46.0,12.0,11.0,14.0
2019,46-65 y.,5th Quintile,4022,18.705730584778234,18.52345922609519,18.888001943461276,8.0,19.0,29.0,0.0,50.0,19.0,19.0,20.0
2019,66 and older,1st Quintile,,,,,,,,,,,,
2019,66 and older,2nd Quintile,,,,,,,,,,,,
2019,66 and older,3rd Quintile,45,15.05250322187055,12.65404598655105,17.45096045719005,3.293571291030582,7.0,20.0,0.0,45.05964306345413,7.0,-6.0,10.0
2019,66 and older,4th Quintile,78,18.507587793112936,16.876043877360267,20.139131708865605,5.269004723832638,15.03586303179044,27.770634753776125,0.0,61.523079798691356,15.0,9.0,21.025
2019,66 and older,5th Quintile,267,19.657248743223615,18.765892811133092,20.548604675314138,5.888736711043037,17.378614466266406,31.0,0.0,61.0,17.0,14.0,21.0
2020,18-29 y.,1st Quintile,332,1.4406247897598734,1.3514418948191937,1.529807684700553,0.0,1.0,2.0,0.0,5.0,1.0,1.0,1.0
2020,18-29 y.,2nd Quintile,365,2.0471154836796854,1.938765187678778,2.155465779680593,1.0,1.0,3.0,0.0,6.0,1.0,0.0,1.0
2020,18-29 y.,3rd Quintile,371,2.301554476711285,2.198113584042474,2.404995369380096,1.0,2.0,3.0,0.0,6.0,2.0,2.0,3.0
2020,18-29 y.,4th Quintile,592,2.4427590111046555,2.35881280673532,2.5267052154739913,1.0,2.0,3.0,0.0,6.0,2.0,2.0,2.0
2020,18-29 y.,5th Quintile,906,3.207100733772162,3.1196243391052905,3.294577128439034,1.0,2.0,5.0,0.0,11.0,2.0,1.0,2.0
2020,30-45 y.,1st Quintile,400,4.305816870321166,4.052650098035477,4.558983642606855,1.0,1.0,8.0,0.0,18.5,1.0,-1.0,1.0
2020,30-45 y.,2nd Quintile,526,4.337369406379072,4.138709633068602,4.5360291796895424,1.0,2.0,6.0,0.0,13.5,2.0,1.0,2.0
2020,30-45 y.,3rd Quintile,712,6.096754249019835,5.900601987155478,6.292906510884191,2.0,4.0,8.0,0.0,17.0,4.0,3.0,4.0
2020,30-45 y.,4th Quintile,1215,7.194079542819905,7.029402502231184,7.358756583408626,2.0,6.0,10.0,0.0,22.0,6.0,6.0,7.0
2020,30-45 y.,5th Quintile,2344,8.21437204320481,8.084266422374643,8.344477664034976,3.0,6.0,13.0,0.0,28.0,6.0,5.0,6.0
2020,46-65 y.,1st Quintile,210,4.530778274558462,4.117308625619439,4.9442479234974845,1.0,2.0,6.0,0.0,13.5,2.0,1.0,3.0
2020,46-65 y.,2nd Quintile,380,7.75626697349786,7.383668823140614,8.128865123855107,2.0,6.0,11.0,0.0,24.5,6.0,4.974999999999994,8.0
2020,46-65 y.,3rd Quintile,639,11.68384973432376,11.315762164917063,12.051937303730456,4.0,9.0,19.0,0.0,41.5,9.0,7.0,10.0
2020,46-65 y.,4th Quintile,1531,14.843671806612,14.548957940458505,15.138385672765496,4.0,12.0,23.0,0.0,49.0,12.0,11.0,14.0
2020,46-65 y.,5th Quintile,5130,18.49279911921938,18.333871985030807,18.651726253407954,8.0,19.0,29.0,0.0,50.0,19.0,19.0,20.0
2020,66 and older,1st Quintile,,,,,,,,,,,,
2020,66 and older,2nd Quintile,,,,,,,,,,,,
2020,66 and older,3rd Quintile,39,15.610224261751464,13.386663182230633,17.833785341272296,3.0,11.01272971060468,29.267709804904474,0.0,50.0,11.0,-7.0,19.0
2020,66 and older,4th Quintile,89,15.622521999260497,14.318857088692885,16.92618690982811,6.0,11.0,20.88059940891811,1.0,43.20149852229527,11.0,6.0,14.0
2020,66 and older,5th Quintile,402,18.447561424897735,17.69973965181111,19.19538319798436,4.0,14.0,31.241775699550946,0.0,65.0,14.0,10.974999999999994,18.0
2021,18-29 y.,1st Quintile,288,1.3168525051835869,1.1965316910926984,1.4371733192744753,0.0,1.0,2.0,0.0,5.0,1.0,1.0,2.0
2021,18-29 y.,2nd Quintile,230,1.6359424562268203,1.536692591465655,1.7351923209879856,1.0,1.0,2.0,0.0,3.5,1.0,0.0,1.0
2021,18-29 y.,3rd Quintile,265,2.42365787237287,2.2720392506850584,2.5752764940606814,1.0,2.0,3.0,0.0,6.0,2.0,2.0,3.0
2021,18-29 y.,4th Quintile,409,2.486857247858043,2.3816227165342654,2.5920917791818208,1.0,2.0,4.0,0.0,8.5,2.0,2.0,2.0
2021,18-29 y.,5th Quintile,711,2.8622389750545496,2.762950173522634,2.961527776586465,1.0,2.0,4.0,0.0,8.5,2.0,2.0,2.0
2021,30-45 y.,1st Quintile,278,5.061956926230054,4.69008436329838,5.433829489161727,1.0,2.0,7.074589700136546,0.0,16.186474250341362,2.0,1.0,3.0
2021,30-45 y.,2nd Quintile,374,4.521729565503506,4.274845369625269,4.768613761381743,1.0,3.0,6.0,0.0,13.5,3.0,2.0,4.0
2021,30-45 y.,3rd Quintile,491,5.813043695600225,5.581815803724089,6.044271587476361,2.0,4.0,8.0,0.0,17.0,4.0,2.0,5.0
2021,30-45 y.,4th Quintile,904,6.653152878872113,6.459624460397555,6.846681297346672,2.0,5.0,10.0,0.0,22.0,5.0,5.0,6.0
2021,30-45 y.,5th Quintile,1868,7.558193999870168,7.414715164015093,7.701672835725243,2.0,5.0,11.0,0.0,24.5,5.0,4.0,5.0
2021,46-65 y.,1st Quintile,153,6.2470114456195445,5.74985632108126,6.744166570157829,1.0,3.0,12.055553422688229,0.0,28.63888355672057,3.0,-0.07500000000001705,4.0
2021,46-65 y.,2nd Quintile,245,9.2453147333362,8.63545411709462,9.85517534957778,2.0,6.0,13.0,0.0,29.5,6.0,3.0,8.024999999999999
2021,46-65 y.,3rd Quintile,428,10.332832010428273,9.880409032675853,10.785254988180693,3.0,8.0,16.0,0.0,35.5,8.0,7.0,11.0
2021,46-65 y.,4th Quintile,956,13.939944242810062,13.592992329663481,14.286896155956644,5.0,10.0,21.499246425072283,0.0,46.0,10.0,8.0,11.0
2021,46-65 y.,5th Quintile,3780,18.289115147587317,18.105579114475297,18.472651180699337,8.0,18.0,28.0,0.0,49.0,18.0,16.974999999999994,19.0
2021,66 and older,1st Quintile,,,,,,,,,,,,
2021,66 and older,2nd Quintile,,,,,,,,,,,,
2021,66 and older,3rd Quintile,,,,,,,,,,,,
2021,66 and older,4th Quintile,74,12.336019278063679,11.027383907113563,13.644654649013795,3.0,8.0,17.0,0.0,38.0,8.0,0.0,11.0
2021,66 and older,5th Quintile,251,17.316003060915346,16.39915315583254,18.232852965998152,4.0,12.0,28.0,0.0,60.0,12.0,4.974999999999994,16.0
