year,quintil_oecd,regtyp,n,mean,mean_lower_confidence,mean_upper_confidence,lower_quartile,boxplot_median,upper_quartile,lower_whisker,upper_whisker,median,median_lower_confidence,median_upper_confidence
1985,1st Quintile,Urban regions,2464,9.038002092072542,8.869348485038659,9.206655699106426,2.0,6.0,14.0,0.0,32.0,6.0,5.0,6.0249999999999995
1985,1st Quintile,Rural regions,691,9.46076116378891,9.109648819093474,9.811873508484345,2.0,6.0,14.0,0.0,32.0,6.0,5.0,7.0
1985,2nd Quintile,Urban regions,1482,10.906639027577734,10.669384890615204,11.143893164540264,3.0,8.0,15.0,0.0,33.0,8.0,7.0,9.0
1985,2nd Quintile,Rural regions,330,12.194324863229712,11.629962000929996,12.758687725529427,4.0,9.0,17.0,0.0,36.5,9.0,7.0,11.0
1985,3rd Quintile,Urban regions,701,11.407555658572456,11.06788427829263,11.747227038852282,4.0,9.0,17.0,0.0,36.5,9.0,8.0,10.0
1985,3rd Quintile,Rural regions,155,14.170727014062427,13.429567565496837,14.911886462628017,6.0,12.0,22.0,0.0,40.0,12.0,10.0,14.0
1985,4th Quintile,Urban regions,210,14.30943749528025,13.659738278603543,14.959136711956956,6.0,13.0,21.0,0.0,43.0,13.0,12.0,15.0
1985,4th Quintile,Rural regions,41,17.25328256432915,15.447481251431038,19.059083877227263,4.0,15.0,29.0,1.0,44.0,15.0,4.0,20.0
1985,5th Quintile,Urban regions,71,12.759229591661898,11.59038908693465,13.928070096389146,4.0,11.0,20.17157788358887,0.0,37.0,11.0,8.0,17.0
1985,5th Quintile,Rural regions,,,,,,,,,,,,
1986,1st Quintile,Urban regions,316,2.4893638668135543,2.238045577801183,2.7406821558259256,0.0,1.0,1.0,0.0,2.5,1.0,1.0,1.0
1986,1st Quintile,Rural regions,95,3.2277238977806477,2.595649780253456,3.8597980153078395,0.0,1.0,1.0,0.0,2.5,1.0,1.0,1.0
1986,2nd Quintile,Urban regions,221,3.0990922043309403,2.7934944879042303,3.4046899207576504,1.0,1.0,4.0,0.0,8.5,1.0,1.0,1.0
1986,2nd Quintile,Rural regions,43,5.722128226390787,4.640896321495669,6.8033601312859044,1.0,1.0,10.705987244565925,0.0,25.264968111414813,1.0,-5.0,1.0
1986,3rd Quintile,Urban regions,110,3.253912888951175,2.737391169901441,3.770434608000909,1.0,1.0,5.0,0.0,11.0,1.0,1.0,1.0
1986,3rd Quintile,Rural regions,,,,,,,,,,,,
1986,4th Quintile,Urban regions,34,8.652562456801997,6.797729984696385,10.507394928907608,1.0,4.136893180293202,14.165740940666678,0.0,33.91435235166669,5.0,2.0,9.0
1986,4th Quintile,Rural regions,,,,,,,,,,,,
1986,5th Quintile,Urban regions,,,,,,,,,,,,
1986,5th Quintile,Rural regions,,,,,,,,,,,,
1987,1st Quintile,Urban regions,419,1.8371747663497984,1.657501862609683,2.016847670089914,0.0,1.0,1.0,0.0,2.5,1.0,1.0,1.0
1987,1st Quintile,Rural regions,137,2.450530214778292,1.9576305627279216,2.9434298668286627,0.0,1.0,1.0,0.0,2.5,1.0,1.0,1.0
1987,2nd Quintile,Urban regions,273,2.5766290147976334,2.3163773538468155,2.8368806757484513,1.0,1.0,1.5508725241803778,0.1736912137294333,2.3771813104509443,1.0,1.0,1.0
1987,2nd Quintile,Rural regions,94,3.197977396357104,2.5387027399397133,3.8572520527744945,1.0,1.0,1.0,1.0,1.0,1.0,1.0,1.0
1987,3rd Quintile,Urban regions,122,3.3354945046010256,2.893595463392475,3.777393545809576,0.0,1.0,4.0,0.0,10.0,1.0,1.0,1.0
1987,3rd Quintile,Rural regions,,,,,,,,,,,,
1987,4th Quintile,Urban regions,55,5.2678063887412,4.37849453469106,6.1571182427913405,1.0,1.0,9.0,0.0,21.0,1.0,-2.0,1.0
1987,4th Quintile,Rural regions,,,,,,,,,,,,
1987,5th Quintile,Urban regions,,,,,,,,,,,,
1987,5th Quintile,Rural regions,,,,,,,,,,,,
1988,1st Quintile,Urban regions,1741,8.813626516411022,8.605187292539917,9.022065740282127,2.0,5.0,14.0,0.0,32.0,5.0,4.0,5.0
1988,1st Quintile,Rural regions,454,9.385681048994517,8.981042174333343,9.79031992365569,2.0,6.0,15.0,0.0,34.5,6.0,4.0,7.0
1988,2nd Quintile,Urban regions,1473,10.781982557003664,10.542731542190399,11.021233571816929,3.0,8.0,16.0,0.0,35.5,8.0,7.0,9.0
1988,2nd Quintile,Rural regions,428,11.046703368803705,10.591830532758346,11.501576204849064,3.0,8.0,17.0,0.0,38.0,8.0,7.0,9.0
1988,3rd Quintile,Urban regions,862,11.588738813187405,11.273822624373153,11.903655002001656,3.0,9.0,17.0,0.0,38.0,9.0,8.0,10.0
1988,3rd Quintile,Rural regions,181,11.714871874541588,10.952438089681213,12.477305659401964,3.0,9.584778549279221,17.0,0.0,38.0,9.0,7.0,11.0
1988,4th Quintile,Urban regions,369,12.827557663303585,12.321964325859275,13.333151000747895,4.0,11.0,19.0,0.0,41.5,11.0,9.0,12.0
1988,4th Quintile,Rural regions,70,17.369064120583417,15.997551011221987,18.740577229944847,7.658214991202151,16.0,27.330994019929516,0.0,42.0,16.0,13.0,20.0
1988,5th Quintile,Urban regions,106,13.827307687955072,12.810264233345325,14.844351142564818,3.0,13.0,22.342571941448327,0.0,43.0,13.0,10.0,18.0
1988,5th Quintile,Rural regions,,,,,,,,,,,,
1989,1st Quintile,Urban regions,,,,,,,,,,,,
1989,1st Quintile,Rural regions,,,,,,,,,,,,
1989,2nd Quintile,Urban regions,,,,,,,,,,,,
1989,2nd Quintile,Rural regions,,,,,,,,,,,,
1989,3rd Quintile,Urban regions,,,,,,,,,,,,
1989,3rd Quintile,Rural regions,,,,,,,,,,,,
1989,4th Quintile,Urban regions,,,,,,,,,,,,
1989,4th Quintile,Rural regions,,,,,,,,,,,,
1989,5th Quintile,Urban regions,,,,,,,,,,,,
1989,5th Quintile,Rural regions,,,,,,,,,,,,
1990,1st Quintile,Urban regions,1330,8.255007340053888,8.025569674700264,8.484445005407512,1.0,5.0,13.0,0.0,31.0,5.0,5.0,6.0
1990,1st Quintile,Rural regions,373,9.24606536583544,8.768302943410612,9.723827788260268,1.9615347816560642,6.0,15.0,0.0,34.5576978275159,6.0,3.9749999999999943,8.0
1990,2nd Quintile,Urban regions,1394,10.476784888184191,10.229648533006769,10.723921243361614,2.383969662402674,7.891668572300313,16.0,0.0,36.42404550639599,8.0,8.0,10.0
1990,2nd Quintile,Rural regions,355,10.898543999698274,10.366520674577703,11.430567324818846,2.0,7.0,17.0,0.0,39.5,7.0,5.0,9.0
1990,3rd Quintile,Urban regions,951,11.421215069472812,11.111244868264523,11.7311852706811,3.0,9.0,18.0,0.0,40.5,9.0,8.0,11.0
1990,3rd Quintile,Rural regions,264,10.748172649268538,10.175708770535271,11.320636528001804,3.0,9.0,15.0,0.0,33.0,9.0,7.0,12.0
1990,4th Quintile,Urban regions,482,12.506440791441928,12.05814636952263,12.954735213361227,3.0,11.0,19.0,0.0,43.0,11.0,10.0,13.0
1990,4th Quintile,Rural regions,114,13.73856447029385,12.813638663092242,14.663490277495459,4.0,12.0,21.0,0.0,36.0,12.0,6.0,15.0
1990,5th Quintile,Urban regions,186,12.35833340217087,11.625332327923115,13.091334476418627,3.6093472356544547,9.0,21.0,0.0,46.0,9.0,7.0,11.0
1990,5th Quintile,Rural regions,35,19.273782907788952,16.903752610814134,21.64381320476377,5.08768510102564,15.279628632045098,33.78762321948562,0.0,42.0,15.0,-1.0,22.0
1991,1st Quintile,Urban regions,1116,7.489479180804498,7.230331824718435,7.74862653689056,1.0,3.0,11.0,0.0,26.0,3.0,2.0,3.0
1991,1st Quintile,Rural regions,323,7.4744339633781935,7.011795501474269,7.937072425282118,1.0,3.0,11.0,0.0,26.0,3.0,1.0,3.0
1991,2nd Quintile,Urban regions,1371,10.575069961061859,10.325241872246401,10.824898049877316,2.0,7.0,16.0,0.0,37.0,7.0,5.0,8.0
1991,2nd Quintile,Rural regions,336,10.910688168796733,10.39322499473596,11.428151342857507,3.0,8.0,18.0,0.0,40.5,8.0,6.0,10.0
1991,3rd Quintile,Urban regions,1045,11.062228233651284,10.768525905487488,11.35593056181508,3.0,8.0,18.0,0.0,40.5,8.0,7.0,9.0
1991,3rd Quintile,Rural regions,341,11.819167827475878,11.24563708854588,12.392698566405876,3.0,8.0,18.0,0.0,40.5,8.0,6.0,10.0
1991,4th Quintile,Urban regions,736,11.386352163313827,11.042744283957184,11.72996004267047,3.0,9.0,18.0,0.0,40.5,9.0,8.0,10.024999999999999
1991,4th Quintile,Rural regions,142,13.367195793336448,12.509178392331751,14.225213194341144,3.0,12.0,21.207917982449732,0.0,43.0,12.0,9.0,16.0
1991,5th Quintile,Urban regions,265,11.587718219414631,10.994887725786013,12.18054871304325,3.0,10.0,18.0,0.0,40.5,10.0,9.0,13.0
1991,5th Quintile,Rural regions,51,17.10632441796241,15.384591640009404,18.828057195915413,5.002997314581146,14.141681568514501,27.0567851999098,0.0,40.0,15.0,9.0,24.0
1992,1st Quintile,Urban regions,1307,7.2278674252290305,7.012292026984776,7.443442823473285,1.0,3.0,11.0,0.0,26.0,3.0,2.0,3.0
1992,1st Quintile,Rural regions,1196,8.22345492614419,7.958665535018959,8.48824431726942,1.0,3.0,13.0,0.0,31.0,3.0,2.0,3.0
1992,2nd Quintile,Urban regions,1542,10.038003819787376,9.805083290357937,10.270924349216815,2.0,7.0,16.0,0.0,37.0,7.0,7.0,8.0
1992,2nd Quintile,Rural regions,786,10.307233622432632,9.951475966085948,10.662991278779316,2.0,6.0,17.0,0.0,39.5,6.0,5.0,7.0
1992,3rd Quintile,Urban regions,1141,10.772426910113342,10.489567475580232,11.055286344646452,2.0,7.0,17.0,0.0,39.5,7.0,6.0,8.0
1992,3rd Quintile,Rural regions,452,11.716645796711129,11.201184472067819,12.232107121354439,2.0,7.0,20.0,0.0,47.0,7.0,5.0,9.0
1992,4th Quintile,Urban regions,912,11.377938730672227,11.061191434035443,11.694686027309011,3.0,8.0,19.0,0.0,43.0,8.0,7.0,9.0
1992,4th Quintile,Rural regions,218,10.50420746300931,9.890167879972829,11.118247046045791,2.0,7.0,16.0,0.0,37.0,7.0,4.0,8.0
1992,5th Quintile,Urban regions,334,13.945811431328059,13.355790076780664,14.535832785875453,4.0,11.0,22.0,0.0,49.0,11.0,9.0,12.0
1992,5th Quintile,Rural regions,59,16.01383474759152,14.314087956105668,17.713581539077374,3.0,12.0,26.0,0.0,42.0,12.0,4.0,18.0
1993,1st Quintile,Urban regions,1009,7.083110325810352,6.843050027117915,7.323170624502788,1.0,3.0,11.0,0.0,26.0,3.0,2.0,3.0
1993,1st Quintile,Rural regions,815,6.387973397210056,6.12547538763121,6.650471406788902,1.0,3.0,9.0,0.0,21.0,3.0,3.0,4.0
1993,2nd Quintile,Urban regions,1409,8.86611623317,8.642830256415326,9.089402209924675,2.0,5.0,15.0,0.0,34.5,5.0,4.0,6.0
1993,2nd Quintile,Rural regions,921,8.752835907055797,8.448412093057428,9.057259721054166,2.0,4.0,14.0,0.0,32.0,4.0,3.0,5.0
1993,3rd Quintile,Urban regions,1310,11.00223321594115,10.737671706411748,11.266794725470552,2.0,7.329722153412581,17.35119978490316,0.0,40.3779994622579,8.0,8.0,9.0
1993,3rd Quintile,Rural regions,535,11.173409726179301,10.733702879868963,11.61311657248964,3.0,7.0,19.0,0.0,43.0,7.0,5.974999999999994,8.0
1993,4th Quintile,Urban regions,1004,11.645455302823718,11.342680641857914,11.948229963789522,3.0,8.0,19.0,0.0,43.0,8.0,7.0,9.0
1993,4th Quintile,Rural regions,269,11.751670262921095,11.129953682167349,12.373386843674842,2.0,9.0,18.963457910870094,0.0,44.40864477717524,9.0,6.974999999999994,13.0
1993,5th Quintile,Urban regions,428,12.175541484801421,11.717956044974342,12.6331269246285,4.0,10.0,19.0,0.0,41.5,10.0,8.0,12.0
1993,5th Quintile,Rural regions,88,14.98588358078157,13.76520493415087,16.20656222741227,4.0,13.0,22.214595920288442,0.0,45.0,13.0,9.0,18.0
1994,1st Quintile,Urban regions,776,6.944892636349891,6.677039071556276,7.212746201143506,1.0,4.0,10.0,0.0,23.5,4.0,4.0,5.0
1994,1st Quintile,Rural regions,528,6.398465574432966,6.069817844741714,6.7271133041242175,1.0,3.0,8.0,0.0,18.5,3.0,2.0,4.0
1994,2nd Quintile,Urban regions,1315,9.24513720425214,9.007238721526972,9.483035686977308,2.0,5.0,15.0,0.0,34.5,5.0,3.0,5.0
1994,2nd Quintile,Rural regions,876,8.847846825664185,8.548999682544665,9.146693968783705,2.0,5.0,14.0,0.0,32.0,5.0,5.0,6.0
1994,3rd Quintile,Urban regions,1293,10.866392783621844,10.60414062216505,11.128644945078639,3.0,7.0,17.0,0.0,38.0,7.0,6.0,8.0
1994,3rd Quintile,Rural regions,642,10.367144918049581,9.995672592580377,10.738617243518785,3.0,6.0,16.0,0.0,35.5,6.0,4.0,6.0
1994,4th Quintile,Urban regions,1034,11.836252954513341,11.53317354501767,12.139332364009013,3.0,8.0,19.0,0.0,43.0,8.0,7.0,9.0
1994,4th Quintile,Rural regions,392,11.937710865269649,11.43522823820714,12.440193492332158,3.0,8.244935399904533,19.0,0.0,42.0,9.0,7.0,12.0
1994,5th Quintile,Urban regions,524,11.624499397413757,11.219240100791135,12.02975869403638,4.0,9.0,19.0,0.0,41.5,9.0,8.0,11.0
1994,5th Quintile,Rural regions,119,14.853581417154455,13.704341481069491,16.00282135323942,3.0,11.305652725325693,23.261699875219065,0.0,46.0,11.0,7.0,16.0
1995,1st Quintile,Urban regions,837,6.243387312153248,5.992867656075146,6.493906968231351,1.0,3.0,8.0,0.0,18.5,3.0,3.0,3.0
1995,1st Quintile,Rural regions,553,5.4355849088376464,5.152016890620259,5.719152927055034,1.0,3.0,6.0,0.0,13.5,3.0,3.0,4.0
1995,2nd Quintile,Urban regions,1405,8.956615908672303,8.728375872201655,9.184855945142951,2.0,5.0,14.0,0.0,32.0,5.0,4.0,5.0249999999999995
1995,2nd Quintile,Rural regions,808,8.16601178606441,7.850335850825823,8.481687721302995,2.0,4.0,11.809993528881767,0.0,26.52498382220442,4.0,3.0,4.0
1995,3rd Quintile,Urban regions,1299,10.312052409159831,10.055584194968084,10.568520623351578,3.0,7.0,16.0,0.0,35.5,7.0,7.0,8.0
1995,3rd Quintile,Rural regions,755,10.226702120977233,9.881689559924796,10.57171468202967,3.0,6.0,16.0,0.0,35.5,6.0,5.0,7.0
1995,4th Quintile,Urban regions,1008,12.085300364273166,11.77726527439178,12.393335454154553,4.0,9.0,19.0,0.0,41.5,9.0,8.0,10.0
1995,4th Quintile,Rural regions,425,12.243844664002205,11.734816879244946,12.752872448759465,4.0,8.0,20.0,0.0,44.0,8.0,6.0,10.0
1995,5th Quintile,Urban regions,534,11.808652010219229,11.406649441551718,12.21065457888674,4.0,8.0,19.0,0.0,41.5,8.0,6.0,9.0
1995,5th Quintile,Rural regions,147,14.665121183871841,13.6370176970257,15.693224670717983,3.0,11.0,24.0,0.0,45.0,11.0,6.974999999999994,17.0
1996,1st Quintile,Urban regions,786,5.861012361706234,5.620697635779683,6.101327087632786,1.0,3.0,8.0,0.0,18.5,3.0,2.0,4.0
1996,1st Quintile,Rural regions,463,6.009739758289843,5.678149260464252,6.341330256115434,1.0,3.0,7.0,0.0,16.0,3.0,3.0,4.0
1996,2nd Quintile,Urban regions,1332,9.049290925305147,8.820916977012931,9.277664873597363,2.0,5.0,15.0,0.0,34.5,5.0,4.0,5.0
1996,2nd Quintile,Rural regions,812,7.3916061711866385,7.113695727576728,7.6695166147965494,2.0,4.0,10.0,0.0,22.0,4.0,3.0,4.0
1996,3rd Quintile,Urban regions,1235,10.498356014713996,10.240222968668716,10.756489060759277,3.0,7.0,16.0,0.0,35.5,7.0,6.0,8.0
1996,3rd Quintile,Rural regions,730,9.962516273697378,9.630605720624837,10.29442682676992,3.0,6.0,14.0,0.0,30.5,6.0,5.0,6.0
1996,4th Quintile,Urban regions,1039,11.271583475793353,10.973311705603393,11.569855245983312,3.0,8.0,17.0,0.0,38.0,8.0,7.0,9.0
1996,4th Quintile,Rural regions,464,11.66592782715072,11.190788964016443,12.141066690284996,3.0,7.0,18.0,0.0,40.5,7.0,6.0,8.0
1996,5th Quintile,Urban regions,561,13.060583432149597,12.649894212146231,13.471272652152964,5.0,10.0,21.374484269633268,0.0,42.0,10.0,8.974999999999994,12.0
1996,5th Quintile,Rural regions,159,15.277446051777812,14.297495163944689,16.257396939610935,3.076210789527218,12.41549523980984,25.0,0.0,48.0,12.0,7.0,17.0
1997,1st Quintile,Urban regions,599,6.264510820363573,5.9506707683149695,6.578350872412177,1.0,3.0,8.0,0.0,18.5,3.0,3.0,4.0
1997,1st Quintile,Rural regions,360,5.90218489557265,5.545452046551846,6.258917744593454,1.0,2.4596136562987247,7.0,0.0,16.0,2.0,1.0,2.0
1997,2nd Quintile,Urban regions,1189,8.259592667102792,8.032126515465082,8.487058818740502,2.0,5.0,12.0,0.0,27.0,5.0,4.0,6.0
1997,2nd Quintile,Rural regions,753,7.184492913726555,6.932339668833529,7.436646158619582,2.0,5.0,9.0,0.0,19.5,5.0,4.0,6.0
1997,3rd Quintile,Urban regions,1301,10.478725278138686,10.223739996818571,10.733710559458801,3.0,7.0,17.0,0.0,38.0,7.0,6.0,8.0
1997,3rd Quintile,Rural regions,776,9.982059927189285,9.65826223529928,10.30585761907929,3.0,6.0,15.0,0.0,33.0,6.0,5.0,6.0
1997,4th Quintile,Urban regions,1076,11.766425264432273,11.474268906345293,12.058581622519254,4.0,9.0,18.0,0.0,39.0,9.0,8.0,10.0
1997,4th Quintile,Rural regions,509,11.748059773571796,11.291010001330413,12.20510954581318,4.0,7.0,18.0,0.0,39.0,7.0,6.0,8.0
1997,5th Quintile,Urban regions,608,13.179465777586875,12.766362109099925,13.592569446073826,5.0,10.0,22.0,0.0,47.5,10.0,9.0,11.024999999999999
1997,5th Quintile,Rural regions,153,13.297685140451867,12.440868510658115,14.154501770245618,4.0,9.0,23.2299537955841,0.0,41.0,9.0,6.949999999999989,11.0
1998,1st Quintile,Urban regions,548,5.536118363494564,5.232457555197757,5.839779171791371,1.0,2.0,7.0,0.0,16.0,2.0,1.0,2.0
1998,1st Quintile,Rural regions,272,5.326678077215283,4.952774880773474,5.700581273657092,1.0,3.0,7.0,0.0,16.0,3.0,2.0,4.0
1998,2nd Quintile,Urban regions,1142,8.609261301041249,8.367480993468915,8.851041608613583,2.0,5.0,13.0,0.0,29.5,5.0,4.0,5.0
1998,2nd Quintile,Rural regions,703,7.636576248442521,7.3607068206265165,7.912445676258525,2.0,5.0,10.0,0.0,22.0,5.0,4.0,6.0
1998,3rd Quintile,Urban regions,1208,10.230059289597829,9.971206939565201,10.488911639630457,3.0,7.0,16.0,0.0,35.5,7.0,6.0,8.0
1998,3rd Quintile,Rural regions,779,9.385300701224082,9.101512743020631,9.669088659427533,3.0,7.0,14.0,0.0,30.5,7.0,7.0,8.0
1998,4th Quintile,Urban regions,1044,12.108044790833954,11.799478044651174,12.416611537016735,4.0,8.0,19.0,0.0,41.5,8.0,6.974999999999994,8.0
1998,4th Quintile,Rural regions,520,11.880104478253015,11.421752387240085,12.338456569265945,4.0,7.0,18.0,0.0,39.0,7.0,6.0,7.0
1998,5th Quintile,Urban regions,631,13.350697377261016,12.94805580291571,13.753338951606322,5.0,10.0,21.0,0.0,45.0,10.0,9.0,11.0
1998,5th Quintile,Rural regions,183,13.028965147544673,12.214713910673664,13.843216384415681,3.0,8.0,20.543120591390682,0.0,43.0,8.0,3.0,10.0
1999,1st Quintile,Urban regions,582,5.404035223962596,5.127990832170039,5.680079615755154,1.0,2.0,6.0,0.0,13.5,2.0,1.0,2.0
1999,1st Quintile,Rural regions,347,5.139927726042261,4.798763736146158,5.481091715938364,1.0,2.0,6.0,0.0,13.5,2.0,1.0,2.0
1999,2nd Quintile,Urban regions,1276,8.016647774174968,7.7941925416871545,8.239103006662782,2.0,5.0,12.0,0.0,27.0,5.0,5.0,6.0
1999,2nd Quintile,Rural regions,815,7.35815626818635,7.106863867653808,7.609448668718891,2.0,5.0,10.0,0.0,22.0,5.0,4.0,6.0
1999,3rd Quintile,Urban regions,1259,10.391733556701036,10.133571065559625,10.649896047842446,3.0,7.0,16.0,0.0,35.5,7.0,6.0,7.0
1999,3rd Quintile,Rural regions,819,9.62570932895399,9.322679191043957,9.928739466864023,3.0,7.0,14.0,0.0,30.5,7.0,6.0,8.0
1999,4th Quintile,Urban regions,1288,11.66494143430082,11.389238753982433,11.940644114619207,3.0,8.0,18.0,0.0,40.5,8.0,7.0,8.0
1999,4th Quintile,Rural regions,583,12.369574662610384,11.946794200329949,12.79235512489082,4.0,8.0,19.0,0.0,41.5,8.0,7.0,8.0
1999,5th Quintile,Urban regions,795,13.028308148063097,12.671093845250123,13.38552245087607,4.0,10.0,21.0,0.0,46.5,10.0,9.0,11.0
1999,5th Quintile,Rural regions,231,12.870801752317089,12.116947153035538,13.62465635159864,4.0,8.0,20.0,0.0,44.0,8.0,6.0,9.0
2000,1st Quintile,Urban regions,449,4.712114491472168,4.436884792566794,4.987344190377543,1.0,2.0,5.0,0.0,11.0,2.0,2.0,3.0
2000,1st Quintile,Rural regions,271,5.491660413208695,5.029890845228465,5.9534299811889255,1.0,2.0,6.0,0.0,13.5,2.0,1.0,2.0
2000,2nd Quintile,Urban regions,1039,7.866969310530349,7.6216653715054905,8.112273249555207,2.0,5.0,11.0,0.0,24.5,5.0,5.0,6.0
2000,2nd Quintile,Rural regions,680,6.597469501819378,6.344891041853445,6.850047961785312,2.0,4.0,9.0,0.0,19.5,4.0,3.0,4.0249999999999995
2000,3rd Quintile,Urban regions,1294,9.581951825418388,9.339790461138831,9.824113189697945,2.0,7.0,14.0,0.0,32.0,7.0,7.0,8.0
2000,3rd Quintile,Rural regions,831,9.25351480908636,8.968542022459808,9.538487595712912,2.0,6.0,14.0,0.0,32.0,6.0,4.0,6.0
2000,4th Quintile,Urban regions,1349,11.270584108527265,11.014860048545687,11.526308168508843,3.0,9.0,16.0,0.0,35.5,9.0,9.0,10.0
2000,4th Quintile,Rural regions,606,11.188886441937942,10.789459767142771,11.588313116733113,4.0,8.0,16.905305054358987,0.0,36.26326263589746,8.0,7.0,9.0
2000,5th Quintile,Urban regions,903,13.36635084238627,13.022711603009695,13.709990081762845,4.0,10.0,21.0,0.0,46.5,10.0,9.0,11.0
2000,5th Quintile,Rural regions,290,12.343351323623379,11.736934429705192,12.949768217541566,5.0,9.0,20.0,0.0,42.0,9.0,9.0,10.0
2001,1st Quintile,Urban regions,726,4.340536216845007,4.111996001874706,4.569076431815308,1.0,2.0,5.0,0.0,11.0,2.0,2.0,2.0
2001,1st Quintile,Rural regions,408,4.595202386034875,4.276526437194012,4.913878334875737,1.0,2.0,6.0,0.0,13.5,2.0,2.0,3.0
2001,2nd Quintile,Urban regions,1548,7.417346108536912,7.222263905853677,7.612428311220147,2.0,4.0,11.0,0.0,24.5,4.0,3.0,4.0
2001,2nd Quintile,Rural regions,960,7.132702696066144,6.89291213428475,7.372493257847538,1.0,4.0,10.0,0.0,23.5,4.0,3.0,5.0
2001,3rd Quintile,Urban regions,2156,9.666426949055142,9.478381079161924,9.85447281894836,2.0,7.0,15.0,0.0,34.5,7.0,7.0,8.0
2001,3rd Quintile,Rural regions,1288,10.099042036923999,9.847822455108073,10.350261618739925,2.0,7.0,15.0,0.0,34.5,7.0,6.0,8.0
2001,4th Quintile,Urban regions,2157,11.745291520140196,11.535190338966986,11.955392701313405,3.0,10.0,18.0,0.0,40.5,10.0,10.0,11.0
2001,4th Quintile,Rural regions,1049,11.526454054505557,11.234308134365902,11.818599974645212,3.850016055609114,9.0,18.0,0.0,39.22497591658633,9.0,8.0,10.0
2001,5th Quintile,Urban regions,1653,13.636742675230979,13.378558062202604,13.894927288259353,4.0,11.0,22.0,0.0,49.0,11.0,11.0,12.0
2001,5th Quintile,Rural regions,544,14.12125063165611,13.65133206248538,14.59116920082684,5.0,10.0,23.0,0.0,50.0,10.0,9.0,10.0
2002,1st Quintile,Urban regions,578,4.610499634675522,4.359396991075318,4.8616022782757256,1.0,2.0,5.0,0.0,11.0,2.0,2.0,2.0
2002,1st Quintile,Rural regions,329,5.216870285085705,4.841087322223477,5.592653247947934,1.0,2.0,6.0,0.0,13.5,2.0,1.0,2.0
2002,2nd Quintile,Urban regions,1289,7.183229412105012,6.975729014622849,7.390729809587175,2.0,4.0,10.0,0.0,22.0,4.0,4.0,5.0
2002,2nd Quintile,Rural regions,806,6.951318783880616,6.683717705002567,7.218919862758665,2.0,4.0,9.632298947200864,0.0,21.080747368002157,4.0,3.0,5.0
2002,3rd Quintile,Urban regions,1847,10.008879633773955,9.806567002149615,10.211192265398294,2.0,7.0,15.0,0.0,34.5,7.0,6.0,8.0
2002,3rd Quintile,Rural regions,1049,9.535924375584031,9.271643056292927,9.800205694875135,2.9718393878736897,7.0,13.0,0.0,28.042240918189464,7.0,7.0,8.0
2002,4th Quintile,Urban regions,2093,11.343139788079908,11.136519308853833,11.549760267305983,3.0,9.0,17.0,0.0,38.0,9.0,8.0,10.0
2002,4th Quintile,Rural regions,1180,11.860284064690088,11.573927100658867,12.146641028721309,3.0,9.0,18.0,0.0,40.5,9.0,8.0,10.0
2002,5th Quintile,Urban regions,1876,14.016041440686925,13.763248692958298,14.268834188415552,4.0,11.0,22.0,0.0,49.0,11.0,10.0,12.0
2002,5th Quintile,Rural regions,612,14.350394048435835,13.908151288140854,14.792636808730816,5.0,11.0,23.0,0.0,50.0,11.0,10.0,12.0
2003,1st Quintile,Urban regions,528,4.672962794068449,4.411502959661441,4.934422628475458,1.0,2.0,5.0,0.0,11.0,2.0,1.0,2.0
2003,1st Quintile,Rural regions,265,5.591049655801177,5.162158045913634,6.01994126568872,1.0,3.0,7.0,0.0,16.0,3.0,3.0,4.0
2003,2nd Quintile,Urban regions,1092,7.492937337354627,7.264962898783394,7.7209117759258605,2.0,4.0,11.0,0.0,24.5,4.0,3.0,4.0
2003,2nd Quintile,Rural regions,728,7.288291479830552,7.024179554270676,7.552403405390429,2.0,5.0,10.0,0.0,22.0,5.0,4.974999999999994,6.0
2003,3rd Quintile,Urban regions,1753,9.515099177957008,9.309728893507655,9.720469462406362,2.0,6.0,14.0,0.0,32.0,6.0,5.0,6.0
2003,3rd Quintile,Rural regions,1023,10.201415106048316,9.918151296351216,10.484678915745416,2.0,7.0,15.0,0.0,34.5,7.0,6.0,8.0
2003,4th Quintile,Urban regions,2170,11.745455882801503,11.540673480422827,11.950238285180179,3.0,9.473085436716945,18.0,0.0,40.5,10.0,10.0,12.0
2003,4th Quintile,Rural regions,1135,10.742025742742017,10.478168539655606,11.005882945828429,3.0,8.0,15.0,0.0,33.0,8.0,7.0,9.0
2003,5th Quintile,Urban regions,2877,13.87076379845534,13.668500310932535,14.073027285978144,4.0,11.0,22.0,0.0,49.0,11.0,10.0,12.0
2003,5th Quintile,Rural regions,966,15.159917311600289,14.790981005221315,15.528853617979262,4.0,12.0,25.0,0.0,49.0,12.0,11.0,13.0
2004,1st Quintile,Urban regions,532,5.1059232569439175,4.833048497534082,5.378798016353753,1.0,2.0,7.0,0.0,16.0,2.0,1.0,2.0
2004,1st Quintile,Rural regions,303,5.912348491472184,5.490513884315012,6.334183098629357,1.0,3.0,8.0,0.0,18.5,3.0,3.0,4.0
2004,2nd Quintile,Urban regions,1065,7.273873726069404,7.046593974447118,7.501153477691689,2.0,4.0,10.0,0.0,22.0,4.0,3.0,4.0
2004,2nd Quintile,Rural regions,626,7.40686631551011,7.108001954618717,7.705730676401504,2.0,4.0,10.0,0.0,22.0,4.0,3.0,4.0
2004,3rd Quintile,Urban regions,1650,10.070049206391012,9.850803803232338,10.289294609549685,3.0,7.0,15.0,0.0,33.0,7.0,7.0,8.0
2004,3rd Quintile,Rural regions,983,10.227050447019666,9.937451694145512,10.51664919989382,3.0,7.0,14.0,0.0,30.5,7.0,5.0,8.0
2004,4th Quintile,Urban regions,2139,11.787920832588537,11.582281059276252,11.993560605900822,3.0,9.0,18.0,0.0,40.5,9.0,8.0,10.0
2004,4th Quintile,Rural regions,1143,11.549585840428,11.271926352691048,11.82724532816495,4.0,9.0,16.0,0.0,34.0,9.0,8.0,10.0
2004,5th Quintile,Urban regions,2786,14.024146917779001,13.820697736942657,14.227596098615345,4.0,12.0,22.0,0.0,49.0,12.0,12.0,13.0
2004,5th Quintile,Rural regions,924,14.723418207589793,14.37194266246144,15.074893752718147,5.0,12.0,23.0,0.0,45.0,12.0,11.0,13.0
2005,1st Quintile,Urban regions,525,4.579816584390237,4.3407765492988055,4.818856619481668,1.0,2.0,6.0,0.0,13.5,2.0,1.0,2.0
2005,1st Quintile,Rural regions,243,4.876014588523142,4.407733051647179,5.344296125399104,1.0,2.0,6.0,0.0,13.5,2.0,1.0,3.0
2005,2nd Quintile,Urban regions,916,7.4888668721046745,7.248363832440271,7.729369911769078,2.0,5.0,10.0,0.0,22.0,5.0,5.0,6.0
2005,2nd Quintile,Rural regions,591,8.04430910965117,7.710575179896554,8.378043039405787,2.0,5.0,11.0,0.0,24.5,5.0,4.0,6.0
2005,3rd Quintile,Urban regions,1543,9.702716748603756,9.490081983352264,9.915351513855247,3.0,7.0,14.0,0.0,30.5,7.0,7.0,8.0
2005,3rd Quintile,Rural regions,903,9.936571888518635,9.658236107363678,10.214907669673593,3.0,7.0,15.0,0.0,33.0,7.0,5.0,8.0
2005,4th Quintile,Urban regions,2054,11.172315144593991,10.969405171089447,11.375225118098536,3.0,8.0,17.0,0.0,38.0,8.0,7.0,9.0
2005,4th Quintile,Rural regions,1103,12.356889408320397,12.05950782380492,12.654270992835874,4.0,10.0,18.0,0.0,39.0,10.0,9.0,11.0
2005,5th Quintile,Urban regions,2717,13.840284519310742,13.635308792597149,14.045260246024336,4.0,11.0,21.0,0.0,46.5,11.0,10.0,12.0
2005,5th Quintile,Rural regions,913,14.551290674349879,14.198865833862357,14.903715514837401,5.0,12.0,23.0,0.0,46.0,12.0,11.0,13.0
2006,1st Quintile,Urban regions,470,4.667461815367619,4.390929736205176,4.943993894530062,1.0,2.0,6.0,0.0,13.5,2.0,1.0,2.0
2006,1st Quintile,Rural regions,272,4.412432587299043,4.001920956702649,4.822944217895437,1.0,1.0,5.0,0.0,11.0,1.0,0.0,1.0
2006,2nd Quintile,Urban regions,848,7.659777349163505,7.412324884494749,7.907229813832261,2.0,5.0,11.0,0.0,24.5,5.0,4.0,6.0
2006,2nd Quintile,Rural regions,576,7.0468654540189855,6.743480824292132,7.350250083745839,2.0,5.0,9.0,0.0,19.5,5.0,5.0,6.0
2006,3rd Quintile,Urban regions,1455,9.99265038912856,9.759620050439848,10.225680727817272,3.0,7.0,15.0,0.0,33.0,7.0,7.0,8.0
2006,3rd Quintile,Rural regions,847,10.679626323553608,10.36857929108201,10.990673356025205,3.0,8.0,15.0,0.0,33.0,8.0,6.0,10.0
2006,4th Quintile,Urban regions,1926,11.655976049404813,11.437426405867686,11.87452569294194,3.0,9.0,17.0,0.0,38.0,9.0,8.0,10.0
2006,4th Quintile,Rural regions,970,12.259563659724096,11.953175963702977,12.565951355745215,4.0,10.0,17.0,0.0,36.5,10.0,9.0,11.0
2006,5th Quintile,Urban regions,2597,13.608505113328683,13.401573049108825,13.81543717754854,5.0,11.0,20.562691459217596,0.0,43.906728648043995,11.0,10.0,12.0
2006,5th Quintile,Rural regions,912,14.719323354754152,14.35790880099006,15.080737908518245,5.0,13.0,23.0,0.0,48.0,13.0,12.0,15.024999999999999
2007,1st Quintile,Urban regions,489,4.225940636548132,3.9783251343594705,4.473556138736794,1.0,2.0,5.0,0.0,11.0,2.0,2.0,3.0
2007,1st Quintile,Rural regions,273,5.8377413582389535,5.355941754359201,6.3195409621187055,1.0,2.0,8.0,0.0,18.5,2.0,1.0,2.0
2007,2nd Quintile,Urban regions,852,7.808177662586563,7.54261991198295,8.073735413190176,2.0,5.0,11.0,0.0,24.5,5.0,4.0,6.0
2007,2nd Quintile,Rural regions,573,6.9549347406176505,6.642247824413531,7.26762165682177,1.0,4.0,10.0,0.0,23.5,4.0,3.0,5.0
2007,3rd Quintile,Urban regions,1462,9.598250572820646,9.365892373744552,9.83060877189674,2.0,6.0,15.0,0.0,34.5,6.0,5.0,6.0
2007,3rd Quintile,Rural regions,915,9.550209188163404,9.260424987871211,9.839993388455596,2.0,6.0,15.0,0.0,34.5,6.0,5.0,6.0249999999999995
2007,4th Quintile,Urban regions,1996,11.656381886513646,11.443372074355802,11.86939169867149,3.0,9.0,18.0,0.0,40.5,9.0,8.0,10.0
2007,4th Quintile,Rural regions,1110,11.987227608839653,11.703916775154715,12.270538442524591,3.0,10.0,17.0,0.0,38.0,10.0,9.0,12.0
2007,5th Quintile,Urban regions,2851,13.374642672699213,13.18001292445671,13.569272420941717,4.0,10.0,20.0,0.0,44.0,10.0,9.0,10.0
2007,5th Quintile,Rural regions,1070,15.132790337204776,14.799608177115134,15.465972497294418,6.0,14.0,22.0,0.0,46.0,14.0,13.0,16.0
2008,1st Quintile,Urban regions,453,4.332717069425097,4.051290121950991,4.614144016899203,1.0,2.0,5.0,0.0,11.0,2.0,2.0,3.0
2008,1st Quintile,Rural regions,239,5.663794175697291,5.1170762780973025,6.210512073297279,1.0,2.0,6.0,0.0,13.5,2.0,1.0,3.0
2008,2nd Quintile,Urban regions,771,7.311229733925643,7.023745889914657,7.598713577936628,1.0,4.0,10.0,0.0,23.5,4.0,3.0,5.0
2008,2nd Quintile,Rural regions,492,7.587180732724612,7.225981409826858,7.948380055622366,1.0,4.0,11.0,0.0,26.0,4.0,3.0,5.0
2008,3rd Quintile,Urban regions,1339,9.225476031538921,8.997942835577547,9.453009227500296,2.0,7.0,14.0,0.0,32.0,7.0,7.0,8.0
2008,3rd Quintile,Rural regions,871,9.748591339601491,9.450354533486385,10.046828145716598,2.0,7.0,15.0,0.0,34.5,7.0,6.0,8.0
2008,4th Quintile,Urban regions,1973,11.572732907664406,11.35223120833486,11.793234606993952,3.0,8.0,18.0,0.0,40.5,8.0,7.0,8.0
2008,4th Quintile,Rural regions,1102,11.567945959757324,11.281640808247827,11.854251111266821,3.0,9.0,18.0,0.0,40.5,9.0,8.0,10.0
2008,5th Quintile,Urban regions,2772,13.561029433161433,13.361320367895788,13.760738498427079,4.0,11.0,20.0,0.0,44.0,11.0,10.0,12.0
2008,5th Quintile,Rural regions,1033,15.41509466145809,15.070172416540371,15.760016906375808,6.0,14.0,23.0,0.0,48.5,14.0,13.0,16.0
2009,1st Quintile,Urban regions,395,4.757748433293144,4.4095856480428415,5.105911218543446,1.0,2.0,5.0,0.0,11.0,2.0,2.0,3.0
2009,1st Quintile,Rural regions,218,4.769837703080207,4.276757101989274,5.262918304171141,1.0,2.0,5.0,0.0,11.0,2.0,1.0,3.0
2009,2nd Quintile,Urban regions,669,7.270256960999376,6.975531167572364,7.564982754426388,1.0,4.0,10.0,0.0,23.5,4.0,3.0,5.0
2009,2nd Quintile,Rural regions,434,7.7250154238669095,7.366220374141944,8.083810473591875,2.0,5.0,11.0,0.0,24.5,5.0,4.0,6.0
2009,3rd Quintile,Urban regions,1133,9.108034912426863,8.856473741809173,9.359596083044552,2.0,6.0,15.0,0.0,34.5,6.0,5.0,7.0
2009,3rd Quintile,Rural regions,791,9.594720486513953,9.277054410418257,9.91238656260965,2.0,7.0,14.0,0.0,32.0,7.0,6.0,8.0
2009,4th Quintile,Urban regions,1797,11.074691938300115,10.843576389718642,11.305807486881587,2.0,8.0,17.0,0.0,39.5,8.0,7.0,9.0
2009,4th Quintile,Rural regions,1025,11.973793499650037,11.662150969784465,12.28543602951561,3.0,9.0,18.0,0.0,40.5,9.0,7.974999999999994,10.0
2009,5th Quintile,Urban regions,2728,13.782260742786836,13.578019081801258,13.986502403772413,4.0,11.0,20.0,0.0,44.0,11.0,10.0,12.0
2009,5th Quintile,Rural regions,1094,15.71455767537514,15.38276217272753,16.04635317802275,6.0,14.0,23.0,0.0,48.5,14.0,12.0,15.024999999999999
2010,1st Quintile,Urban regions,315,4.4873620823596,4.11875102366137,4.85597314105783,1.0,2.0,4.0,0.0,8.5,2.0,1.0,3.0
2010,1st Quintile,Rural regions,196,7.013068087530678,6.371986284598421,7.654149890462936,1.0,3.0,11.0,0.0,26.0,3.0,1.0,4.0
2010,2nd Quintile,Urban regions,578,7.229112780437175,6.907632996694275,7.550592564180075,2.0,4.0,10.0,0.0,22.0,4.0,3.0,5.0
2010,2nd Quintile,Rural regions,348,6.538308306389185,6.168923935350625,6.907692677427745,1.0,3.0,11.981181709363286,0.0,28.452954273408217,3.0,2.0,4.0
2010,3rd Quintile,Urban regions,972,9.645941889342597,9.360088623279294,9.931795155405899,2.0,6.0,15.0,0.0,34.5,6.0,4.0,7.0
2010,3rd Quintile,Rural regions,689,10.488329399772086,10.134682856291578,10.841975943252594,2.0,8.0,17.0,0.0,39.5,8.0,7.0,10.0
2010,4th Quintile,Urban regions,1686,11.098667753295317,10.86243245814702,11.334903048443612,3.0,8.0,18.0,0.0,40.5,8.0,7.0,9.0
2010,4th Quintile,Rural regions,980,12.851135094235685,12.522690043381452,13.179580145089918,3.0,11.0,20.0,0.0,45.5,11.0,10.0,13.0
2010,5th Quintile,Urban regions,2653,14.055428307888478,13.847091760959788,14.263764854817168,4.0,11.0,21.0,0.0,46.5,11.0,10.0,11.0
2010,5th Quintile,Rural regions,1026,15.401386594240796,15.050727496675865,15.752045691805726,5.0,13.0,23.0,0.0,50.0,13.0,10.974999999999994,15.0
2011,1st Quintile,Urban regions,573,3.694837631086819,3.460849580301278,3.9288256818723597,1.0,1.0,4.0,0.0,8.5,1.0,0.0,1.0
2011,1st Quintile,Rural regions,324,4.339554093623886,4.012389929205749,4.666718258042023,1.0,2.951952010250241,6.0,0.0,13.5,3.0,3.0,4.0249999999999995
2011,2nd Quintile,Urban regions,1114,6.801674348199173,6.574171106642882,7.029177589755464,1.0,3.0,9.0,0.0,21.0,3.0,2.0,3.0
2011,2nd Quintile,Rural regions,815,6.915784654259284,6.663213433498021,7.168355875020546,1.0,3.0,11.0,0.0,26.0,3.0,2.0,3.0
2011,3rd Quintile,Urban regions,1548,9.657406559946013,9.430996321455975,9.883816798436051,2.0,7.0,15.0,0.0,34.5,7.0,6.0,9.0
2011,3rd Quintile,Rural regions,1093,9.741204794164638,9.477852595277312,10.004556993051963,2.0,7.0,15.0,0.0,34.5,7.0,6.0,8.0
2011,4th Quintile,Urban regions,2251,10.874389834755615,10.672590940351332,11.076188729159897,2.0,8.0,17.0,0.0,39.5,8.0,7.0,10.0
2011,4th Quintile,Rural regions,1280,13.04265247773556,12.747033065047512,13.338271890423608,3.0,11.0,20.0,0.0,45.5,11.0,10.0,12.0
2011,5th Quintile,Urban regions,3073,13.344117728220517,13.153590182388927,13.534645274052108,4.0,11.0,21.0,0.0,46.5,11.0,11.0,12.0
2011,5th Quintile,Rural regions,1210,14.958626831637272,14.64492974093193,15.272323922342613,5.0,12.0,22.0,0.0,47.5,12.0,10.0,13.0
2012,1st Quintile,Urban regions,619,3.4914231299762566,3.2867979346625322,3.696048325289981,1.0,1.0,4.0,0.0,8.5,1.0,0.0,1.0
2012,1st Quintile,Rural regions,422,5.034999924308957,4.721511199392118,5.348488649225796,1.0,2.0,7.0,0.0,16.0,2.0,1.0,2.0
2012,2nd Quintile,Urban regions,1326,7.003342198906415,6.798348561032009,7.208335836780821,1.0,4.0,10.0,0.0,23.5,4.0,4.0,5.0
2012,2nd Quintile,Rural regions,845,7.154693600103393,6.883950576488357,7.425436623718428,1.9061090774046647,3.7557878966108476,10.0,0.0,22.140836383893003,4.0,4.0,5.0
2012,3rd Quintile,Urban regions,1747,9.014642798147504,8.801095786183023,9.228189810111985,2.0,5.0,14.0,0.0,32.0,5.0,4.0,6.0
2012,3rd Quintile,Rural regions,1216,10.129973224120153,9.870920221198292,10.389026227042015,2.0,7.0,16.0,0.0,37.0,7.0,6.0,8.0
2012,4th Quintile,Urban regions,2519,10.958786220511945,10.764282113935407,11.153290327088483,2.0,7.0,17.0,0.0,39.5,7.0,5.0,8.0
2012,4th Quintile,Rural regions,1522,12.318927476269893,12.058670889953673,12.579184062586114,4.0,10.0,18.20163686469654,0.0,39.50409216174135,10.0,9.0,11.0
2012,5th Quintile,Urban regions,3554,13.455415811738355,13.281000855904527,13.629830767572184,4.0,11.0,21.0,0.0,46.5,11.0,10.0,12.0
2012,5th Quintile,Rural regions,1519,15.29234865615289,15.006900578988413,15.577796733317369,5.0,13.0,22.0,0.0,47.5,13.0,12.0,15.0
2013,1st Quintile,Urban regions,602,3.4664712312799115,3.258732443788853,3.67421001877097,1.0,1.0,4.0,0.0,8.5,1.0,0.0,1.0
2013,1st Quintile,Rural regions,364,3.979417564826959,3.7085436681156243,4.2502914615382945,1.0,2.0,6.0,0.0,13.5,2.0,1.0,3.0
2013,2nd Quintile,Urban regions,1208,6.3873082232693035,6.190311222371848,6.584305224166759,1.0,3.0,9.0,0.0,21.0,3.0,2.0,3.0
2013,2nd Quintile,Rural regions,887,7.770064349845673,7.4968226889739356,8.04330601071741,1.0,4.0,11.0,0.0,26.0,4.0,3.0,5.0
2013,3rd Quintile,Urban regions,1824,8.910660589121047,8.70640334879136,9.114917829450734,2.0,5.0,14.0,0.0,32.0,5.0,4.0,6.0
2013,3rd Quintile,Rural regions,1204,10.081402949940015,9.817869756417277,10.344936143462753,2.0,7.0,15.0,0.0,34.5,7.0,6.0,8.0
2013,4th Quintile,Urban regions,2526,11.341693524797575,11.140256815994661,11.54313023360049,3.0,7.0,18.0,0.0,40.5,7.0,6.0,7.0
2013,4th Quintile,Rural regions,1634,12.458328281752058,12.198164305937041,12.718492257567075,3.0,10.0,19.0,0.0,43.0,10.0,9.0,12.0
2013,5th Quintile,Urban regions,3837,13.760035944275538,13.588394329183354,13.931677559367722,4.0,11.0,21.0,0.0,46.5,11.0,10.0,11.0
2013,5th Quintile,Rural regions,1584,15.332359132939128,15.054576771529888,15.610141494348369,5.0,13.0,23.0,0.0,50.0,13.0,12.0,14.0
2014,1st Quintile,Urban regions,735,3.279049797620408,3.107934584973253,3.450165010267563,1.0,1.0,4.0,0.0,8.5,1.0,0.0,1.0
2014,1st Quintile,Rural regions,429,5.07873872668129,4.7400099026578815,5.417467550704698,1.0,2.0,6.0,0.0,13.5,2.0,1.0,3.0
2014,2nd Quintile,Urban regions,1425,6.089142043512318,5.894741470913854,6.283542616110782,1.0,3.0,9.0,0.0,21.0,3.0,3.0,4.0
2014,2nd Quintile,Rural regions,851,7.265506194441214,6.99337747860456,7.537634910277867,2.0,4.0,10.0,0.0,22.0,4.0,3.0,5.0
2014,3rd Quintile,Urban regions,2002,8.385749516203964,8.192394879945498,8.57910415246243,2.0,4.0,12.0,0.0,27.0,4.0,3.0,4.0
2014,3rd Quintile,Rural regions,1227,9.593229670076433,9.32485616562177,9.861603174531096,2.0,6.0,15.0,0.0,34.5,6.0,5.0,7.0
2014,4th Quintile,Urban regions,2726,10.797795956877497,10.611543527797444,10.98404838595755,3.0,7.0,16.0,0.0,35.5,7.0,6.0,8.0
2014,4th Quintile,Rural regions,1556,12.167324902812197,11.903808596466586,12.430841209157808,3.0,9.0,18.0,0.0,40.5,9.0,7.0,11.0
2014,5th Quintile,Urban regions,4019,13.504746721435128,13.336863936978668,13.672629505891587,4.0,11.0,22.0,0.0,49.0,11.0,10.0,12.0
2014,5th Quintile,Rural regions,1698,15.387274993290392,15.107264080038204,15.66728590654258,5.0,13.0,23.0,0.0,50.0,13.0,12.0,14.0
2015,1st Quintile,Urban regions,620,4.319237840596524,4.0734430031145745,4.565032678078474,1.0,2.0,5.0,0.0,11.0,2.0,2.0,3.0
2015,1st Quintile,Rural regions,334,4.06131406426972,3.7533331858605146,4.369294942678924,1.0,1.0,5.0,0.0,11.0,1.0,0.0,1.0
2015,2nd Quintile,Urban regions,1158,6.41748384093582,6.175489449232,6.659478232639641,1.0,3.0,9.0,0.0,21.0,3.0,2.0,4.0
2015,2nd Quintile,Rural regions,732,7.273681017884617,6.98894286510454,7.558419170664695,2.0,4.0,10.0,0.0,22.0,4.0,3.0,5.0
2015,3rd Quintile,Urban regions,1741,7.477945649082106,7.27884223774432,7.677049060419892,1.0,4.0,11.0,0.0,26.0,4.0,4.0,5.0
2015,3rd Quintile,Rural regions,1120,9.18362178850088,8.92178216260574,9.445461414396018,2.0,6.0,14.0,0.0,32.0,6.0,5.0,7.0249999999999995
2015,4th Quintile,Urban regions,2593,10.54457787144333,10.358256300432208,10.730899442454453,3.0,7.0,16.0,0.0,35.5,7.0,7.0,8.0
2015,4th Quintile,Rural regions,1474,12.010505709132458,11.736569770177386,12.28444164808753,3.0,8.0,19.0,0.0,43.0,8.0,5.974999999999994,9.0
2015,5th Quintile,Urban regions,3884,13.55649909726107,13.383624144975377,13.729374049546765,4.0,11.0,22.0,0.0,49.0,11.0,10.0,12.0
2015,5th Quintile,Rural regions,1741,15.36213846979953,15.087185194477655,15.637091745121406,5.0,13.0,24.0,0.0,52.0,13.0,12.0,15.0
2016,1st Quintile,Urban regions,599,3.0749717435211847,2.873297255495063,3.2766462315473066,1.0,1.0,3.0,0.0,6.0,1.0,1.0,1.0
2016,1st Quintile,Rural regions,362,4.595394756123689,4.298068167770705,4.892721344476673,1.0,2.0,6.0,0.0,13.5,2.0,1.0,3.0
2016,2nd Quintile,Urban regions,1042,5.039574660951017,4.847944486939624,5.231204834962409,1.0,2.0,7.0,0.0,16.0,2.0,1.0,2.0
2016,2nd Quintile,Rural regions,632,7.305498363648361,6.9565016310599725,7.65449509623675,1.0,4.0,8.616701405326816,0.0,20.04175351331704,4.0,3.0,5.0
2016,3rd Quintile,Urban regions,1662,7.7619743515511,7.56407414724232,7.959874555859879,2.0,4.0,12.0,0.0,27.0,4.0,3.9749999999999943,4.0
2016,3rd Quintile,Rural regions,1011,7.944605837061237,7.68794711590155,8.201264558220924,2.0,5.0,11.0,0.0,24.5,5.0,5.0,6.0
2016,4th Quintile,Urban regions,2433,9.605579699090761,9.421788040236832,9.78937135794469,2.0,6.0,15.0,0.0,34.5,6.0,5.0,7.0
2016,4th Quintile,Rural regions,1504,12.289552901147832,12.011331818542264,12.567773983753401,3.0,9.0,20.0,0.0,45.5,9.0,7.0,11.0
2016,5th Quintile,Urban regions,4052,13.497861106618707,13.326861631346418,13.668860581890996,4.0,10.0,21.0,0.0,46.5,10.0,9.0,11.0
2016,5th Quintile,Rural regions,1738,15.001708188652753,14.731097112249538,15.272319265055968,4.0,13.0,24.0,0.0,54.0,13.0,11.974999999999994,15.0
2017,1st Quintile,Urban regions,700,3.6550901886361293,3.43312654838666,3.8770538288855985,0.0,1.0,4.0,0.0,10.0,1.0,0.0,1.0
2017,1st Quintile,Rural regions,324,4.7142578142664515,4.410662133663919,5.017853494868984,1.0,2.0,6.0,0.0,13.5,2.0,-1.0,3.0
2017,2nd Quintile,Urban regions,914,4.703785726790955,4.5124028763157,4.895168577266211,1.0,2.0,6.0,0.0,13.5,2.0,1.0,2.0
2017,2nd Quintile,Rural regions,594,6.696173531810339,6.361485537315532,7.030861526305146,1.0,4.0,8.0,0.0,18.5,4.0,3.0,5.0
2017,3rd Quintile,Urban regions,1519,7.502883489459082,7.298421126309585,7.7073458526085785,1.0,4.0,11.0,0.0,26.0,4.0,3.0,5.0
2017,3rd Quintile,Rural regions,943,8.277338816344807,8.003765978636453,8.550911654053161,2.0,5.0,13.0,0.0,29.5,5.0,4.0,6.0
2017,4th Quintile,Urban regions,2282,10.056206928656175,9.85750917128441,10.254904686027942,2.0,6.0,15.0,0.0,34.5,6.0,5.0,6.0
2017,4th Quintile,Rural regions,1368,11.7816380640212,11.492407607273403,12.070868520768997,3.0,8.0,18.0,0.0,40.5,8.0,7.0,10.0
2017,5th Quintile,Urban regions,4094,13.272418141695654,13.102385111184269,13.44245117220704,3.0,10.0,20.0,0.0,45.5,10.0,9.0,11.0
2017,5th Quintile,Rural regions,1836,15.119380918341522,14.851901172282853,15.38686066440019,4.0,12.0,24.0,0.0,54.0,12.0,10.0,13.0
2018,1st Quintile,Urban regions,896,3.097255593441416,2.948551510288356,3.245959676594476,1.0,1.0,3.0,0.0,6.0,1.0,1.0,1.0
2018,1st Quintile,Rural regions,395,4.334921939378553,4.016695561799783,4.653148316957323,0.888247222253847,1.0,5.925895428295792,0.0,13.482367737358711,1.0,-1.0,1.0
2018,2nd Quintile,Urban regions,890,4.868297465233038,4.650986165843465,5.085608764622611,1.0,2.0,6.0,0.0,13.5,2.0,1.0,2.0
2018,2nd Quintile,Rural regions,584,6.7431932212800385,6.424927251835857,7.06145919072422,1.0,4.0,8.0,0.0,18.5,4.0,3.0,5.0
2018,3rd Quintile,Urban regions,1486,7.111437689564384,6.903277083688274,7.3195982954404935,1.0,4.0,9.0,0.0,21.0,4.0,4.0,5.0
2018,3rd Quintile,Rural regions,966,9.030932428073422,8.750151020978276,9.311713835168568,2.0,6.0,13.0,0.0,29.5,6.0,5.0,7.0
2018,4th Quintile,Urban regions,2613,9.594434127283208,9.412529028607496,9.77633922595892,2.0,6.0,15.0,0.0,34.5,6.0,5.974999999999994,7.0
2018,4th Quintile,Rural regions,1628,12.03112942385064,11.761593004948859,12.300665842752421,3.0,9.0,19.0,0.0,43.0,9.0,8.0,11.0
2018,5th Quintile,Urban regions,4741,13.123302757047036,12.966546659852076,13.280058854241995,3.0,10.0,20.0,0.0,45.5,10.0,9.0,11.0
2018,5th Quintile,Rural regions,2127,14.627651463411697,14.378176855947578,14.877126070875816,4.0,11.0,24.0,0.0,48.0,11.0,9.0,12.0
2019,1st Quintile,Urban regions,803,2.633617639223757,2.5040222314148806,2.7632130470326337,0.0,1.0,3.0,0.0,7.5,1.0,0.9749999999999943,1.0
2019,1st Quintile,Rural regions,378,3.039365113031984,2.7863262006487513,3.2924040254152165,0.0,1.0,2.0,0.0,5.0,1.0,0.0,1.0
2019,2nd Quintile,Urban regions,871,4.343768331533007,4.173808038560368,4.513728624505646,1.0,2.0,5.0,0.0,11.0,2.0,1.0,2.0
2019,2nd Quintile,Rural regions,503,5.386593931090168,5.147560980601639,5.625626881578697,1.0,4.0,7.989554963693041,0.0,18.473887409232603,4.0,4.0,6.0
2019,3rd Quintile,Urban regions,1290,7.217313943151983,7.003473861652416,7.43115402465155,1.0,4.0,10.0,0.0,23.5,4.0,3.0,4.0
2019,3rd Quintile,Rural regions,860,8.141341796325626,7.855128997545334,8.427554595105919,2.0,6.0,11.0,0.0,24.5,6.0,5.0,7.0
2019,4th Quintile,Urban regions,2285,9.039448030829934,8.846381674448166,9.232514387211703,2.0,5.0,12.0,0.0,27.0,5.0,4.0,5.0
2019,4th Quintile,Rural regions,1379,11.589217923410652,11.301941763693831,11.876494083127474,2.0,7.0,19.0,0.0,44.5,7.0,5.0,8.0
2019,5th Quintile,Urban regions,4760,13.149360708363767,12.991596801436259,13.307124615291276,3.0,10.0,20.0,0.0,45.5,10.0,9.0,11.0
2019,5th Quintile,Rural regions,2208,15.133848892233297,14.881253357690344,15.38644442677625,4.0,12.0,24.0,0.0,54.0,12.0,11.0,13.0
2020,1st Quintile,Urban regions,665,2.5924695347235702,2.4397133160228757,2.745225753424265,1.0,1.0,3.0,0.0,6.0,1.0,1.0,1.0
2020,1st Quintile,Rural regions,283,4.94612509782129,4.612040916789928,5.280209278852652,1.0,2.0,8.0,0.0,18.5,2.0,1.0,3.0
2020,2nd Quintile,Urban regions,837,5.016741346298683,4.807495389991417,5.225987302605948,1.0,2.0,7.0,0.0,16.0,2.0,1.0,2.0
2020,2nd Quintile,Rural regions,450,5.720770184825483,5.391591598087036,6.04994877156393,1.0,3.0,8.0,0.0,18.5,3.0,2.0,4.0
2020,3rd Quintile,Urban regions,1103,7.088604415849272,6.860070894078906,7.317137937619637,2.0,4.0,9.0,0.0,19.5,4.0,3.0,4.0
2020,3rd Quintile,Rural regions,658,8.626768829822304,8.29881640337774,8.954721256266867,2.0,5.0,13.0,0.0,29.5,5.0,3.0,6.0
2020,4th Quintile,Urban regions,2118,9.378410606850457,9.17400810992443,9.582813103776484,2.0,5.0,13.0,0.0,29.5,5.0,4.0,5.0
2020,4th Quintile,Rural regions,1309,10.908561044527062,10.620120125747173,11.19700196330695,2.0,7.0,17.0,0.0,39.5,7.0,6.0,8.0
2020,5th Quintile,Urban regions,6015,12.735971513152949,12.59733952763718,12.874603498668717,3.0,9.0,20.0,0.0,45.5,9.0,8.0,10.0
2020,5th Quintile,Rural regions,2767,14.59469562794891,14.374940744541458,14.814450511356362,4.0,11.0,23.0,0.0,51.5,11.0,10.0,12.0
2021,1st Quintile,Urban regions,544,2.8217884178699877,2.6335940857292743,3.009982750010701,0.0,1.0,3.0,0.0,7.5,1.0,0.0,1.0
2021,1st Quintile,Rural regions,185,6.028546656974132,5.444546895601394,6.612546418346871,0.0,2.0,10.918261297102918,0.0,27.295653242757297,2.0,0.0,3.0
2021,2nd Quintile,Urban regions,597,5.624700067370065,5.323448083586191,5.9259520511539385,1.0,2.0,7.0,0.0,16.0,2.0,1.0,2.0
2021,2nd Quintile,Rural regions,266,5.7938336842287494,5.418170498099776,6.169496870357723,1.0,3.0,9.830944789763771,0.0,23.077361974409428,3.0,1.0,3.0
2021,3rd Quintile,Urban regions,768,5.975014354461671,5.728508854280064,6.221519854643279,1.0,3.0,8.0,0.0,18.5,3.0,2.0,3.0
2021,3rd Quintile,Rural regions,436,7.89181831910426,7.497443224752762,8.28619341345576,1.0,4.0,11.0,0.0,26.0,4.0,1.0,5.0
2021,4th Quintile,Urban regions,1498,8.51062831815028,8.288381951421092,8.732874684879468,2.0,5.0,12.0,0.0,27.0,5.0,4.0,6.0
2021,4th Quintile,Rural regions,845,10.282308621591062,9.935139669921812,10.629477573260312,3.0,7.0,15.0,0.0,33.0,7.0,6.0,8.024999999999999
2021,5th Quintile,Urban regions,4557,12.464497239498934,12.304729613186131,12.624264865811737,3.0,9.0,20.0,0.0,45.5,9.0,9.0,10.0
2021,5th Quintile,Rural regions,2053,13.320546584423763,13.07460696315557,13.566486205691955,3.0,10.0,22.0,0.0,50.0,10.0,9.0,12.0
