year,bula_h,migback,chronill,proportion,n,proportion_lower_confidence,proportion_upper_confidence
2009,Schleswig-Holstein,No migration background,Yes,0.5364238410596026,21983,0.5298316896529179,0.5430159924662873
2009,Schleswig-Holstein,No migration background,No,0.46357615894039733,21983,0.4569840075337126,0.47016831034708206
2009,Schleswig-Holstein,Direct migration background,No,0.5116279069767442,21983,0.5050199816951377,0.5182358322583507
2009,Schleswig-Holstein,Direct migration background,Yes,0.4883720930232558,21983,0.48176416774164926,0.4949800183048623
2009,Schleswig-Holstein,Indirect migration background,No,0.5555555555555556,21983,0.5489867700655403,0.5621243410455709
2009,Schleswig-Holstein,Indirect migration background,Yes,0.4444444444444444,21983,0.43787565895442915,0.4510132299344597
2009,Hamburg,No migration background,Yes,0.5720164609053497,21983,0.5654756681676427,0.5785572536430568
2009,Hamburg,No migration background,No,0.4279835390946502,21983,0.4214427463569432,0.4345243318323572
2009,Hamburg,Direct migration background,No,0.6923076923076923,21983,0.686206418863034,0.6984089657523506
2009,Hamburg,Direct migration background,Yes,0.3076923076923077,21983,0.30159103424764944,0.313793581136966
2009,Hamburg,Indirect migration background,No,0.875,21983,0.8706280858583377,0.8793719141416623
2009,Hamburg,Indirect migration background,Yes,0.125,21983,0.12062808585833777,0.12937191414166221
2009,Lower Saxony,No migration background,Yes,0.5571827057182706,21983,0.5506163607897784,0.5637490506467627
2009,Lower Saxony,No migration background,No,0.44281729428172945,21983,0.4362509493532372,0.4493836392102217
2009,Lower Saxony,Direct migration background,No,0.5846153846153846,21983,0.5781010072148189,0.5911297620159504
2009,Lower Saxony,Direct migration background,Yes,0.4153846153846154,21983,0.4088702379840497,0.4218989927851811
2009,Lower Saxony,Indirect migration background,No,0.7441860465116279,21983,0.7384181764564709,0.7499539165667849
2009,Lower Saxony,Indirect migration background,Yes,0.2558139534883721,21983,0.2500460834332151,0.2615818235435291
2009,Bremen,No migration background,No,0.5675675675675675,21983,0.5610184843937834,0.5741166507413517
2009,Bremen,No migration background,Yes,0.43243243243243246,21983,0.42588334925864835,0.43898151560621657
2009,Bremen,Direct migration background,No,0.6,21983,0.5935238304210708,0.6064761695789291
2009,Bremen,Direct migration background,Yes,0.4,21983,0.3935238304210708,0.40647616957892924
2009,Bremen,Indirect migration background,Yes,1.0,21983,1.0,1.0
2009,North Rhine-Westphalia,No migration background,Yes,0.5022131426625809,21983,0.4956034945132717,0.5088227908118901
2009,North Rhine-Westphalia,No migration background,No,0.4977868573374191,21983,0.4911772091881099,0.5043965054867283
2009,North Rhine-Westphalia,Direct migration background,No,0.5620767494356659,21983,0.5555181757276129,0.5686353231437189
2009,North Rhine-Westphalia,Direct migration background,Yes,0.43792325056433407,21983,0.4313646768562811,0.444481824272387
2009,North Rhine-Westphalia,Indirect migration background,No,0.7619047619047619,21983,0.7562743743418916,0.7675351494676321
2009,North Rhine-Westphalia,Indirect migration background,Yes,0.23809523809523808,21983,0.23246485053236784,0.24372562565810832
2009,Hesse,No migration background,Yes,0.539714867617108,21983,0.5331260383230542,0.5463036969111618
2009,Hesse,No migration background,No,0.46028513238289204,21983,0.45369630308883824,0.46687396167694584
2009,Hesse,Direct migration background,Yes,0.5806451612903226,21983,0.574121989345532,0.5871683332351132
2009,Hesse,Direct migration background,No,0.41935483870967744,21983,0.41283166676488686,0.425878010654468
2009,Hesse,Indirect migration background,No,0.6833333333333333,21983,0.6771839711909258,0.6894826954757409
2009,Hesse,Indirect migration background,Yes,0.31666666666666665,21983,0.31051730452425913,0.3228160288090742
2009,"Rhineland-Palatinate, Saarland",No migration background,Yes,0.5379901960784313,21983,0.5313995897980405,0.5445808023588222
2009,"Rhineland-Palatinate, Saarland",No migration background,No,0.46200980392156865,21983,0.4554191976411777,0.4686004102019596
2009,"Rhineland-Palatinate, Saarland",Direct migration background,No,0.5503875968992248,21983,0.543811532580877,0.5569636612175726
2009,"Rhineland-Palatinate, Saarland",Direct migration background,Yes,0.4496124031007752,21983,0.44303633878242743,0.456188467419123
2009,"Rhineland-Palatinate, Saarland",Indirect migration background,No,0.6842105263157895,21983,0.6780657469775186,0.6903553056540603
2009,"Rhineland-Palatinate, Saarland",Indirect migration background,Yes,0.3157894736842105,21983,0.30964469434593966,0.32193425302248135
2009,Baden-Wuerttemberg,No migration background,No,0.5431472081218274,21983,0.5365621515728486,0.5497322646708062
2009,Baden-Wuerttemberg,No migration background,Yes,0.45685279187817257,21983,0.45026773532919384,0.4634378484271513
2009,Baden-Wuerttemberg,Direct migration background,No,0.5843023255813954,21983,0.5777872389296657,0.5908174122331251
2009,Baden-Wuerttemberg,Direct migration background,Yes,0.41569767441860467,21983,0.409182587766875,0.42221276107033434
2009,Baden-Wuerttemberg,Indirect migration background,No,0.7483870967741936,21983,0.7426506602626352,0.754123533285752
2009,Baden-Wuerttemberg,Indirect migration background,Yes,0.25161290322580643,21983,0.245876466714248,0.25734933973736485
2009,Bavaria,No migration background,No,0.5015974440894568,21983,0.49498776492485896,0.5082071232540547
2009,Bavaria,No migration background,Yes,0.4984025559105431,21983,0.49179287674594524,0.5050122350751409
2009,Bavaria,Direct migration background,Yes,0.5551181102362205,21983,0.5485486807891742,0.5616875396832668
2009,Bavaria,Direct migration background,No,0.4448818897637795,21983,0.43831246031673327,0.45145131921082576
2009,Bavaria,Indirect migration background,No,0.7083333333333334,21983,0.7023247120692651,0.7143419545974017
2009,Bavaria,Indirect migration background,Yes,0.2916666666666667,21983,0.28565804540259837,0.297675287930735
2009,Berlin,No migration background,Yes,0.5845896147403685,21983,0.5780751788546236,0.5911040506261135
2009,Berlin,No migration background,No,0.4154103852596315,21983,0.4088959493738865,0.42192482114537644
2009,Berlin,Direct migration background,Yes,0.6122448979591837,21983,0.6058038884665377,0.6186859074518297
2009,Berlin,Direct migration background,No,0.3877551020408163,21983,0.3813140925481703,0.39419611153346235
2009,Berlin,Indirect migration background,No,0.6666666666666666,21983,0.6604349695838125,0.6728983637495207
2009,Berlin,Indirect migration background,Yes,0.3333333333333333,21983,0.3271016362504793,0.33956503041618735
2009,Brandenburg,No migration background,Yes,0.5411140583554377,21983,0.5345267290228355,0.5477013876880399
2009,Brandenburg,No migration background,No,0.4588859416445623,21983,0.45229861231196017,0.46547327097716445
2009,Brandenburg,Direct migration background,Yes,0.5,21983,0.4933902871016202,0.5066097128983797
2009,Brandenburg,Direct migration background,No,0.5,21983,0.4933902871016202,0.5066097128983797
2009,Brandenburg,Indirect migration background,Yes,0.5,21983,0.4933902871016202,0.5066097128983797
2009,Brandenburg,Indirect migration background,No,0.5,21983,0.4933902871016202,0.5066097128983797
2009,Mecklenburg-Western Pomerania,No migration background,Yes,0.5229759299781181,21983,0.5163731992145881,0.5295786607416482
2009,Mecklenburg-Western Pomerania,No migration background,No,0.47702407002188185,21983,0.4704213392583519,0.4836268007854118
2009,Mecklenburg-Western Pomerania,Direct migration background,Yes,0.8,21983,0.7947122296812962,0.8052877703187039
2009,Mecklenburg-Western Pomerania,Direct migration background,No,0.2,21983,0.19471222968129617,0.20528777031870385
2009,Mecklenburg-Western Pomerania,Indirect migration background,No,1.0,21983,1.0,1.0
2009,Saxony,No migration background,Yes,0.5345482156416097,21983,0.5279543000528495,0.5411421312303699
2009,Saxony,No migration background,No,0.4654517843583903,21983,0.45885786876963003,0.47204569994715057
2009,Saxony,Direct migration background,Yes,0.7272727272727273,21983,0.7213853003827917,0.7331601541626629
2009,Saxony,Direct migration background,No,0.2727272727272727,21983,0.26683984583733705,0.27861469961720836
2009,Saxony,Indirect migration background,No,0.7777777777777778,21983,0.772281937535405,0.7832736180201506
2009,Saxony,Indirect migration background,Yes,0.2222222222222222,21983,0.21672638197984936,0.22771806246459506
2009,Saxony-Anhalt,No migration background,Yes,0.532608695652174,21983,0.5260130543051983,0.5392043369991496
2009,Saxony-Anhalt,No migration background,No,0.4673913043478261,21983,0.46079566300085045,0.47398694569480176
2009,Saxony-Anhalt,Direct migration background,Yes,0.7692307692307693,21983,0.7636610940721916,0.7748004443893469
2009,Saxony-Anhalt,Direct migration background,No,0.23076923076923078,21983,0.22519955561065313,0.23633890592780843
2009,Saxony-Anhalt,Indirect migration background,No,0.8,21983,0.7947122296812962,0.8052877703187039
2009,Saxony-Anhalt,Indirect migration background,Yes,0.2,21983,0.19471222968129617,0.20528777031870385
2009,Thuringa,No migration background,Yes,0.5012626262626263,21983,0.49465293443902025,0.5078723180862323
2009,Thuringa,No migration background,No,0.49873737373737376,21983,0.4921276819137677,0.5053470655609799
2009,Thuringa,Direct migration background,Yes,0.7272727272727273,21983,0.7213853003827917,0.7331601541626629
2009,Thuringa,Direct migration background,No,0.2727272727272727,21983,0.26683984583733705,0.27861469961720836
2009,Thuringa,Indirect migration background,No,1.0,21983,1.0,1.0
2011,Schleswig-Holstein,No migration background,Yes,0.6234676007005254,41903,0.618828416319377,0.6281067850816738
2011,Schleswig-Holstein,No migration background,No,0.37653239929947463,41903,0.37189321491832616,0.3811715836806231
2011,Schleswig-Holstein,Direct migration background,No,0.515625,41903,0.5108398962804622,0.5204101037195378
2011,Schleswig-Holstein,Direct migration background,Yes,0.484375,41903,0.47958989628046217,0.48916010371953783
2011,Schleswig-Holstein,Indirect migration background,No,0.6153846153846154,41903,0.6107263936624439,0.620042837106787
2011,Schleswig-Holstein,Indirect migration background,Yes,0.38461538461538464,41903,0.379957162893213,0.38927360633755625
2011,Hamburg,No migration background,Yes,0.6,41903,0.5953092840602427,0.6046907159397572
2011,Hamburg,No migration background,No,0.4,41903,0.39530928406024285,0.4046907159397572
2011,Hamburg,Direct migration background,Yes,0.5714285714285714,41903,0.5666902327862541,0.5761669100708887
2011,Hamburg,Direct migration background,No,0.42857142857142855,41903,0.42383308992911123,0.43330976721374587
2011,Hamburg,Indirect migration background,No,0.625,41903,0.620364579304222,0.629635420695778
2011,Hamburg,Indirect migration background,Yes,0.375,41903,0.3703645793042219,0.3796354206957781
2011,Lower Saxony,No migration background,Yes,0.6335740072202166,41903,0.6289605624550222,0.638187451985411
2011,Lower Saxony,No migration background,No,0.3664259927797834,41903,0.3618125480145889,0.37103943754497787
2011,Lower Saxony,Direct migration background,Yes,0.5614035087719298,41903,0.5566523050692791,0.5661547124745805
2011,Lower Saxony,Direct migration background,No,0.43859649122807015,41903,0.4338452875254195,0.4433476949307208
2011,Lower Saxony,Indirect migration background,No,0.7037037037037037,41903,0.6993315890459195,0.7080758183614879
2011,Lower Saxony,Indirect migration background,Yes,0.2962962962962963,41903,0.2919241816385121,0.3006684109540805
2011,Bremen,No migration background,Yes,0.6153846153846154,41903,0.6107263936624439,0.620042837106787
2011,Bremen,No migration background,No,0.38461538461538464,41903,0.379957162893213,0.38927360633755625
2011,Bremen,Direct migration background,No,0.7222222222222222,41903,0.7179336010419454,0.726510843402499
2011,Bremen,Direct migration background,Yes,0.2777777777777778,41903,0.27348915659750095,0.28206639895805463
2011,Bremen,Indirect migration background,Yes,1.0,41903,1.0,1.0
2011,North Rhine-Westphalia,No migration background,Yes,0.6181983071342201,41903,0.6135465573788424,0.6228500568895977
2011,North Rhine-Westphalia,No migration background,No,0.3818016928657799,41903,0.37714994311040234,0.3864534426211575
2011,North Rhine-Westphalia,Direct migration background,Yes,0.5,41903,0.49521255809135634,0.5047874419086437
2011,North Rhine-Westphalia,Direct migration background,No,0.5,41903,0.49521255809135634,0.5047874419086437
2011,North Rhine-Westphalia,Indirect migration background,No,0.6604651162790698,41903,0.6559309164604247,0.6649993160977149
2011,North Rhine-Westphalia,Indirect migration background,Yes,0.3395348837209302,41903,0.3350006839022851,0.3440690835395753
2011,Hesse,No migration background,Yes,0.6261022927689595,41903,0.6214696100123174,0.6307349755256015
2011,Hesse,No migration background,No,0.37389770723104054,41903,0.3692650244743985,0.37853038998768257
2011,Hesse,Direct migration background,Yes,0.6084656084656085,41903,0.6037921704306113,0.6131390465006057
2011,Hesse,Direct migration background,No,0.3915343915343915,41903,0.3868609534993943,0.3962078295693887
2011,Hesse,Indirect migration background,No,0.625,41903,0.620364579304222,0.629635420695778
2011,Hesse,Indirect migration background,Yes,0.375,41903,0.3703645793042219,0.3796354206957781
2011,"Rhineland-Palatinate, Saarland",No migration background,Yes,0.6434426229508197,41903,0.6388564213765521,0.6480288245250873
2011,"Rhineland-Palatinate, Saarland",No migration background,No,0.35655737704918034,41903,0.35197117547491275,0.3611435786234479
2011,"Rhineland-Palatinate, Saarland",Direct migration background,Yes,0.5165562913907285,41903,0.5117714747808206,0.5213411080006363
2011,"Rhineland-Palatinate, Saarland",Direct migration background,No,0.48344370860927155,41903,0.47865889199936373,0.48822852521917937
2011,"Rhineland-Palatinate, Saarland",Indirect migration background,No,0.5873015873015873,41903,0.5825876858445791,0.5920154887585956
2011,"Rhineland-Palatinate, Saarland",Indirect migration background,Yes,0.4126984126984127,41903,0.4079845112414045,0.41741231415542085
2011,Baden-Wuerttemberg,No migration background,Yes,0.5910031023784902,41903,0.5862956232832879,0.5957105814736925
2011,Baden-Wuerttemberg,No migration background,No,0.4089968976215098,41903,0.40428941852630745,0.4137043767167122
2011,Baden-Wuerttemberg,Direct migration background,Yes,0.5382513661202186,41903,0.5334779544243711,0.5430247778160662
2011,Baden-Wuerttemberg,Direct migration background,No,0.46174863387978143,41903,0.4569752221839338,0.46652204557562904
2011,Baden-Wuerttemberg,Indirect migration background,No,0.7070063694267515,41903,0.7026484994759931,0.71136423937751
2011,Baden-Wuerttemberg,Indirect migration background,Yes,0.2929936305732484,41903,0.28863576062248986,0.29735150052400694
2011,Bavaria,No migration background,Yes,0.6302489780750651,41903,0.6256268254762711,0.634871130673859
2011,Bavaria,No migration background,No,0.369751021924935,41903,0.365128869326141,0.3743731745237289
2011,Bavaria,Direct migration background,Yes,0.61198738170347,41903,0.6073215650234174,0.6166531983835226
2011,Bavaria,Direct migration background,No,0.38801261829652994,41903,0.3833468016164774,0.3926784349765825
2011,Bavaria,Indirect migration background,No,0.5813953488372093,41903,0.5766717684118997,0.586118929262519
2011,Bavaria,Indirect migration background,Yes,0.4186046511627907,41903,0.41388107073748104,0.4233282315881004
2011,Berlin,No migration background,Yes,0.6282420749279539,41903,0.6236147804344077,0.6328693694215002
2011,Berlin,No migration background,No,0.37175792507204614,41903,0.3671306305784999,0.3763852195655924
2011,Berlin,Direct migration background,Yes,0.5192307692307693,41903,0.5144468696399681,0.5240146688215704
2011,Berlin,Direct migration background,No,0.4807692307692308,41903,0.4759853311784296,0.48555313036003195
2011,Berlin,Indirect migration background,No,0.625,41903,0.620364579304222,0.629635420695778
2011,Berlin,Indirect migration background,Yes,0.375,41903,0.3703645793042219,0.3796354206957781
2011,Brandenburg,No migration background,Yes,0.6513002364066194,41903,0.6467372417808117,0.655863231032427
2011,Brandenburg,No migration background,No,0.3486997635933806,41903,0.344136768967573,0.35326275821918823
2011,Brandenburg,Direct migration background,Yes,0.6818181818181818,41903,0.6773584834970214,0.6862778801393421
2011,Brandenburg,Direct migration background,No,0.3181818181818182,41903,0.3137221198606579,0.32264151650297845
2011,Brandenburg,Indirect migration background,Yes,0.5,41903,0.49521255809135634,0.5047874419086437
2011,Brandenburg,Indirect migration background,No,0.5,41903,0.49521255809135634,0.5047874419086437
2011,Mecklenburg-Western Pomerania,No migration background,Yes,0.6075697211155379,41903,0.6028943851052824,0.6122450571257934
2011,Mecklenburg-Western Pomerania,No migration background,No,0.39243027888446214,41903,0.38775494287420664,0.39710561489471763
2011,Mecklenburg-Western Pomerania,Direct migration background,Yes,1.0,41903,1.0,1.0
2011,Mecklenburg-Western Pomerania,Indirect migration background,No,1.0,41903,1.0,1.0
2011,Saxony,No migration background,Yes,0.6312267657992565,41903,0.6266071494262022,0.6358463821723108
2011,Saxony,No migration background,No,0.3687732342007435,41903,0.36415361782768924,0.37339285057379773
2011,Saxony,Direct migration background,Yes,0.7307692307692307,41903,0.7265221943477089,0.7350162671907525
2011,Saxony,Direct migration background,No,0.2692307692307692,41903,0.2649837328092474,0.273477805652291
2011,Saxony,Indirect migration background,No,0.7692307692307693,41903,0.7651966308829081,0.7732649075786304
2011,Saxony,Indirect migration background,Yes,0.23076923076923078,41903,0.2267350924213697,0.23480336911709188
2011,Saxony-Anhalt,No migration background,Yes,0.6414868105515588,41903,0.6368950424426418,0.6460785786604757
2011,Saxony-Anhalt,No migration background,No,0.35851318944844124,41903,0.35392142133952426,0.3631049575573582
2011,Saxony-Anhalt,Direct migration background,Yes,0.8823529411764706,41903,0.8792680118516356,0.8854378705013055
2011,Saxony-Anhalt,Direct migration background,No,0.11764705882352941,41903,0.11456212949869445,0.12073198814836437
2011,Saxony-Anhalt,Indirect migration background,No,0.8571428571428571,41903,0.8537923457573162,0.860493368528398
2011,Saxony-Anhalt,Indirect migration background,Yes,0.14285714285714285,41903,0.139506631471602,0.1462076542426837
2011,Thuringa,No migration background,Yes,0.624561403508772,41903,0.6199249005327012,0.6291979064848428
2011,Thuringa,No migration background,No,0.37543859649122807,41903,0.37080209351515736,0.3800750994672988
2011,Thuringa,Direct migration background,Yes,0.5384615384615384,41903,0.5336882815971369,0.54323479532594
2011,Thuringa,Direct migration background,No,0.46153846153846156,41903,0.45676520467405995,0.4663117184028632
2011,Thuringa,Indirect migration background,No,0.7142857142857143,41903,0.709960222686555,0.7186112058848736
2011,Thuringa,Indirect migration background,Yes,0.2857142857142857,41903,0.28138879411512635,0.29003977731344505
2013,Schleswig-Holstein,No migration background,Yes,0.6534839924670434,44486,0.649061943774504,0.6579060411595827
2013,Schleswig-Holstein,No migration background,No,0.3465160075329567,44486,0.3420939588404173,0.35093805622549606
2013,Schleswig-Holstein,Direct migration background,Yes,0.6346153846153846,44486,0.6301405723543616,0.6390901968764076
2013,Schleswig-Holstein,Direct migration background,No,0.36538461538461536,44486,0.36090980312359233,0.3698594276456384
2013,Schleswig-Holstein,Indirect migration background,No,0.5555555555555556,44486,0.550937949478277,0.5601731616328341
2013,Schleswig-Holstein,Indirect migration background,Yes,0.4444444444444444,44486,0.43982683836716585,0.449062050521723
2013,Hamburg,No migration background,Yes,0.6566037735849056,44486,0.6521911809175153,0.661016366252296
2013,Hamburg,No migration background,No,0.3433962264150943,44486,0.33898363374770396,0.3478088190824847
2013,Hamburg,Direct migration background,No,0.6296296296296297,44486,0.6251421231453036,0.6341171361139557
2013,Hamburg,Direct migration background,Yes,0.37037037037037035,44486,0.36588286388604424,0.37485787685469646
2013,Hamburg,Indirect migration background,No,0.7333333333333333,44486,0.7292239233488153,0.7374427433178513
2013,Hamburg,Indirect migration background,Yes,0.26666666666666666,44486,0.26255725668214863,0.2707760766511847
2013,Lower Saxony,No migration background,Yes,0.667725540025413,44486,0.663348385617219,0.6721026944336069
2013,Lower Saxony,No migration background,No,0.33227445997458704,44486,0.327897305566393,0.3366516143827811
2013,Lower Saxony,Direct migration background,Yes,0.6388888888888888,44486,0.6344253688795551,0.6433524088982225
2013,Lower Saxony,Direct migration background,No,0.3611111111111111,44486,0.35664759110177746,0.36557463112044475
2013,Lower Saxony,Indirect migration background,No,0.6,44486,0.5954474993816429,0.6045525006183571
2013,Lower Saxony,Indirect migration background,Yes,0.4,44486,0.39544749938164286,0.4045525006183572
2013,Bremen,No migration background,Yes,0.5684210526315789,44486,0.5638183852025793,0.5730237200605786
2013,Bremen,No migration background,No,0.43157894736842106,44486,0.4269762799394215,0.4361816147974206
2013,Bremen,Direct migration background,No,0.7,44486,0.6957415256082577,0.7042584743917422
2013,Bremen,Direct migration background,Yes,0.3,44486,0.2957415256082578,0.3042584743917422
2013,Bremen,Indirect migration background,Yes,1.0,44486,1.0,1.0
2013,North Rhine-Westphalia,No migration background,Yes,0.6556356487549148,44486,0.6512200991744572,0.6600511983353723
2013,North Rhine-Westphalia,No migration background,No,0.3443643512450852,44486,0.3399488016646277,0.34877990082554267
2013,North Rhine-Westphalia,Direct migration background,Yes,0.5679824561403509,44486,0.5633792275168419,0.57258568476386
2013,North Rhine-Westphalia,Direct migration background,No,0.43201754385964913,44486,0.42741431523614004,0.4366207724831582
2013,North Rhine-Westphalia,Indirect migration background,No,0.6145251396648045,44486,0.6100022889886142,0.6190479903409948
2013,North Rhine-Westphalia,Indirect migration background,Yes,0.3854748603351955,44486,0.38095200965900516,0.38999771101138586
2013,Hesse,No migration background,Yes,0.679047619047619,44486,0.6747093667157612,0.6833858713794768
2013,Hesse,No migration background,No,0.32095238095238093,44486,0.3166141286205232,0.3252906332842387
2013,Hesse,Direct migration background,Yes,0.6121212121212121,44486,0.6075931630756123,0.6166492611668118
2013,Hesse,Direct migration background,No,0.3878787878787879,44486,0.3833507388331881,0.39240683692438766
2013,Hesse,Indirect migration background,No,0.515625,44486,0.5109808928057309,0.5202691071942691
2013,Hesse,Indirect migration background,Yes,0.484375,44486,0.47973089280573095,0.48901910719426905
2013,"Rhineland-Palatinate, Saarland",No migration background,Yes,0.68,44486,0.6756651523550807,0.6843348476449194
2013,"Rhineland-Palatinate, Saarland",No migration background,No,0.32,44486,0.31566515235508075,0.32433484764491927
2013,"Rhineland-Palatinate, Saarland",Direct migration background,Yes,0.6,44486,0.5954474993816429,0.6045525006183571
2013,"Rhineland-Palatinate, Saarland",Direct migration background,No,0.4,44486,0.39544749938164286,0.4045525006183572
2013,"Rhineland-Palatinate, Saarland",Indirect migration background,No,0.5409836065573771,44486,0.5363528650043456,0.5456143481104085
2013,"Rhineland-Palatinate, Saarland",Indirect migration background,Yes,0.45901639344262296,44486,0.4543856518895915,0.4636471349956544
2013,Baden-Wuerttemberg,No migration background,Yes,0.6102198455139631,44486,0.6056877670718535,0.6147519239560728
2013,Baden-Wuerttemberg,No migration background,No,0.3897801544860368,44486,0.3852480760439272,0.39431223292814643
2013,Baden-Wuerttemberg,Direct migration background,Yes,0.6156462585034014,44486,0.6111258719813414,0.6201666450254614
2013,Baden-Wuerttemberg,Direct migration background,No,0.3843537414965986,44486,0.3798333549745387,0.38887412801865856
2013,Baden-Wuerttemberg,Indirect migration background,No,0.6031746031746031,44486,0.5986282240826635,0.6077209822665428
2013,Baden-Wuerttemberg,Indirect migration background,Yes,0.3968253968253968,44486,0.39227901773345714,0.40137177591733647
2013,Bavaria,No migration background,Yes,0.6512383272431993,44486,0.6468096019282965,0.6556670525581021
2013,Bavaria,No migration background,No,0.34876167275680064,44486,0.3443329474418979,0.3531903980717034
2013,Bavaria,Direct migration background,Yes,0.627906976744186,44486,0.623415203639168,0.6323987498492041
2013,Bavaria,Direct migration background,No,0.37209302325581395,44486,0.36760125015079587,0.37658479636083203
2013,Bavaria,Indirect migration background,No,0.5581395348837209,44486,0.5535246767125988,0.5627543930548431
2013,Bavaria,Indirect migration background,Yes,0.4418604651162791,44486,0.43724560694515696,0.4464753232874012
2013,Berlin,No migration background,Yes,0.6734992679355783,44486,0.6691415909357521,0.6778569449354046
2013,Berlin,No migration background,No,0.32650073206442165,44486,0.32214305506459534,0.33085840906424796
2013,Berlin,Direct migration background,Yes,0.5686274509803921,44486,0.5640250489155302,0.5732298530452541
2013,Berlin,Direct migration background,No,0.43137254901960786,44486,0.42677014695474597,0.43597495108446976
2013,Berlin,Indirect migration background,No,0.52,44486,0.5153573421022708,0.5246426578977292
2013,Berlin,Indirect migration background,Yes,0.48,44486,0.47535734210227076,0.4846426578977292
2013,Brandenburg,No migration background,Yes,0.6609271523178808,44486,0.6565280131983281,0.6653262914374335
2013,Brandenburg,No migration background,No,0.3390728476821192,44486,0.33467370856256645,0.34347198680167196
2013,Brandenburg,Direct migration background,Yes,0.6666666666666666,44486,0.6622860209041759,0.6710473124291574
2013,Brandenburg,Direct migration background,No,0.3333333333333333,44486,0.3289526875708426,0.337713979095824
2013,Brandenburg,Indirect migration background,No,0.6666666666666666,44486,0.6622860209041759,0.6710473124291574
2013,Brandenburg,Indirect migration background,Yes,0.3333333333333333,44486,0.3289526875708426,0.337713979095824
2013,Mecklenburg-Western Pomerania,No migration background,Yes,0.6727272727272727,44486,0.6683669481613946,0.6770875972931508
2013,Mecklenburg-Western Pomerania,No migration background,No,0.32727272727272727,44486,0.3229124027068492,0.33163305183860536
2013,Mecklenburg-Western Pomerania,Direct migration background,Yes,0.6666666666666666,44486,0.6622860209041759,0.6710473124291574
2013,Mecklenburg-Western Pomerania,Direct migration background,No,0.3333333333333333,44486,0.3289526875708426,0.337713979095824
2013,Mecklenburg-Western Pomerania,Indirect migration background,No,1.0,44486,1.0,1.0
2013,Saxony,No migration background,Yes,0.6656274356975838,44486,0.6612433875243284,0.6700114838708391
2013,Saxony,No migration background,No,0.3343725643024162,44486,0.3299885161291608,0.33875661247567157
2013,Saxony,Direct migration background,Yes,0.7,44486,0.6957415256082577,0.7042584743917422
2013,Saxony,Direct migration background,No,0.3,44486,0.2957415256082578,0.3042584743917422
2013,Saxony,Indirect migration background,No,0.6363636363636364,44486,0.6318933975701645,0.6408338751571082
2013,Saxony,Indirect migration background,Yes,0.36363636363636365,44486,0.35916612484289184,0.36810660242983545
2013,Saxony-Anhalt,No migration background,Yes,0.6941813261163735,44486,0.6898996594255269,0.6984629928072201
2013,Saxony-Anhalt,No migration background,No,0.30581867388362655,44486,0.30153700719278,0.3101003405744731
2013,Saxony-Anhalt,Direct migration background,Yes,0.9166666666666666,44486,0.9140982854263429,0.9192350479069904
2013,Saxony-Anhalt,Direct migration background,No,0.08333333333333333,44486,0.08076495209300956,0.0859017145736571
2013,Saxony-Anhalt,Indirect migration background,No,0.6666666666666666,44486,0.6622860209041759,0.6710473124291574
2013,Saxony-Anhalt,Indirect migration background,Yes,0.3333333333333333,44486,0.3289526875708426,0.337713979095824
2013,Thuringa,No migration background,Yes,0.6365979381443299,44486,0.6321283171327592,0.6410675591559005
2013,Thuringa,No migration background,No,0.3634020618556701,44486,0.35893244084409937,0.3678716828672408
2013,Thuringa,Direct migration background,Yes,0.6666666666666666,44486,0.6622860209041759,0.6710473124291574
2013,Thuringa,Direct migration background,No,0.3333333333333333,44486,0.3289526875708426,0.337713979095824
2013,Thuringa,Indirect migration background,No,0.7142857142857143,44486,0.7100876764098819,0.7184837521615467
2013,Thuringa,Indirect migration background,Yes,0.2857142857142857,44486,0.2815162478384533,0.2899123235901181
2015,Schleswig-Holstein,No migration background,Yes,0.6523668639053254,38036,0.6475809466920657,0.6571527811185851
2015,Schleswig-Holstein,No migration background,No,0.34763313609467456,38036,0.3428472188814148,0.3524190533079343
2015,Schleswig-Holstein,Direct migration background,Yes,0.5666666666666667,38036,0.5616866186046786,0.5716467147286547
2015,Schleswig-Holstein,Direct migration background,No,0.43333333333333335,38036,0.42835328527134525,0.43831338139532144
2015,Schleswig-Holstein,Indirect migration background,Yes,0.5454545454545454,38036,0.5404504383761918,0.550458652532899
2015,Schleswig-Holstein,Indirect migration background,No,0.45454545454545453,38036,0.4495413474671009,0.45954956162380817
2015,Hamburg,No migration background,Yes,0.6040955631399317,38036,0.5991807539752629,0.6090103723046005
2015,Hamburg,No migration background,No,0.39590443686006827,38036,0.3909896276953995,0.400819246024737
2015,Hamburg,Direct migration background,No,0.6138613861386139,38036,0.6089684964288495,0.6187542758483782
2015,Hamburg,Direct migration background,Yes,0.38613861386138615,38036,0.3812457241516218,0.3910315035711505
2015,Hamburg,Indirect migration background,No,0.6666666666666666,38036,0.661929132063375,0.6714042012699583
2015,Hamburg,Indirect migration background,Yes,0.3333333333333333,38036,0.32859579873004163,0.338070867936625
2015,Lower Saxony,No migration background,Yes,0.628755364806867,38036,0.6238999135681053,0.6336108160456287
2015,Lower Saxony,No migration background,No,0.37124463519313305,38036,0.36638918395437126,0.37610008643189485
2015,Lower Saxony,Direct migration background,No,0.5477272727272727,38036,0.5427253032762205,0.552729242178325
2015,Lower Saxony,Direct migration background,Yes,0.45227272727272727,38036,0.447270757821675,0.4572746967237795
2015,Lower Saxony,Indirect migration background,No,0.5656565656565656,38036,0.5606751624189127,0.5706379688942186
2015,Lower Saxony,Indirect migration background,Yes,0.43434343434343436,38036,0.42936203110578136,0.43932483758108737
2015,Bremen,No migration background,Yes,0.6909090909090909,38036,0.6862648769285266,0.6955533048896553
2015,Bremen,No migration background,No,0.3090909090909091,38036,0.3044466951103447,0.31373512307147344
2015,Bremen,Direct migration background,No,0.6153846153846154,38036,0.610495331037515,0.6202738997317159
2015,Bremen,Direct migration background,Yes,0.38461538461538464,38036,0.3797261002682842,0.3895046689624851
2015,Bremen,Indirect migration background,Yes,0.5555555555555556,38036,0.5505617556088009,0.5605493555023102
2015,Bremen,Indirect migration background,No,0.4444444444444444,38036,0.4394506444976898,0.44943824439119906
2015,North Rhine-Westphalia,No migration background,Yes,0.6366504158302265,38036,0.6318168070226129,0.6414840246378402
2015,North Rhine-Westphalia,No migration background,No,0.3633495841697734,38036,0.35851597536215973,0.3681831929773871
2015,North Rhine-Westphalia,Direct migration background,No,0.5207100591715976,38036,0.5156894571931127,0.5257306611500826
2015,North Rhine-Westphalia,Direct migration background,Yes,0.47928994082840237,38036,0.4742693388499174,0.48431054280688735
2015,North Rhine-Westphalia,Indirect migration background,No,0.5911111111111111,38036,0.5861703271098028,0.5960518951124195
2015,North Rhine-Westphalia,Indirect migration background,Yes,0.4088888888888889,38036,0.4039481048875805,0.41382967289019734
2015,Hesse,No migration background,Yes,0.6324278438030561,38036,0.6275823789682632,0.6372733086378489
2015,Hesse,No migration background,No,0.367572156196944,38036,0.36272669136215113,0.37241762103173687
2015,Hesse,Direct migration background,Yes,0.5175202156334232,38036,0.5124983871896145,0.5225420440772319
2015,Hesse,Direct migration background,No,0.48247978436657685,38036,0.47745795592276813,0.48750161281038557
2015,Hesse,Indirect migration background,No,0.6834532374100719,38036,0.6787787715460708,0.688127703274073
2015,Hesse,Indirect migration background,Yes,0.31654676258992803,38036,0.31187229672592687,0.3212212284539292
2015,"Rhineland-Palatinate, Saarland",No migration background,Yes,0.641963426371511,38036,0.637145307713804,0.6467815450292181
2015,"Rhineland-Palatinate, Saarland",No migration background,No,0.35803657362848895,38036,0.35321845497078186,0.36285469228619605
2015,"Rhineland-Palatinate, Saarland",Direct migration background,No,0.5615615615615616,38036,0.5565748798435279,0.5665482432795952
2015,"Rhineland-Palatinate, Saarland",Direct migration background,Yes,0.43843843843843844,38036,0.4334517567204048,0.44342512015647206
2015,"Rhineland-Palatinate, Saarland",Indirect migration background,No,0.6055045871559633,38036,0.6005928134530698,0.6104163608588569
2015,"Rhineland-Palatinate, Saarland",Indirect migration background,Yes,0.3944954128440367,38036,0.3895836391411432,0.39940718654693025
2015,Baden-Wuerttemberg,No migration background,Yes,0.5764473033151905,38036,0.5714814694773723,0.5814131371530086
2015,Baden-Wuerttemberg,No migration background,No,0.4235526966848095,38036,0.41858686284699137,0.4285185305226276
2015,Baden-Wuerttemberg,Direct migration background,Yes,0.5116640746500778,38036,0.5066405278555863,0.5166876214445693
2015,Baden-Wuerttemberg,Direct migration background,No,0.48833592534992226,38036,0.4833123785554308,0.4933594721444137
2015,Baden-Wuerttemberg,Indirect migration background,No,0.5929824561403508,38036,0.58804519453974,0.5979197177409616
2015,Baden-Wuerttemberg,Indirect migration background,Yes,0.4070175438596491,38036,0.4020802822590383,0.4119548054602599
2015,Bavaria,No migration background,Yes,0.5958013995334889,38036,0.5908695841126443,0.6007332149543334
2015,Bavaria,No migration background,No,0.4041986004665112,38036,0.39926678504566665,0.4091304158873557
2015,Bavaria,Direct migration background,No,0.5006821282401092,38036,0.49565721865014567,0.5057070378300726
2015,Bavaria,Direct migration background,Yes,0.49931787175989084,38036,0.49429296216992735,0.5043427813498543
2015,Bavaria,Indirect migration background,No,0.5945945945945946,38036,0.5896604269868577,0.5995287622023315
2015,Bavaria,Indirect migration background,Yes,0.40540540540540543,38036,0.4004712377976685,0.41033957301314233
2015,Berlin,No migration background,Yes,0.6520547945205479,38036,0.6472678749942862,0.6568417140468097
2015,Berlin,No migration background,No,0.34794520547945207,38036,0.3431582859531903,0.3527321250057138
2015,Berlin,Direct migration background,Yes,0.5564516129032258,38036,0.5514588279936063,0.5614443978128452
2015,Berlin,Direct migration background,No,0.4435483870967742,38036,0.4385556021871547,0.44854117200639365
2015,Berlin,Indirect migration background,No,0.5217391304347826,38036,0.5167189678616826,0.5267592930078826
2015,Berlin,Indirect migration background,Yes,0.4782608695652174,38036,0.4732407069921174,0.4832810321383174
2015,Brandenburg,No migration background,Yes,0.658256880733945,38036,0.6534903077704408,0.6630234536974491
2015,Brandenburg,No migration background,No,0.34174311926605505,38036,0.3369765463025509,0.3465096922295592
2015,Brandenburg,Direct migration background,Yes,0.5263157894736842,38036,0.5212978397490284,0.5313337391983399
2015,Brandenburg,Direct migration background,No,0.47368421052631576,38036,0.46866626080166,0.4787021602509715
2015,Brandenburg,Indirect migration background,No,0.5833333333333334,38036,0.5783787010497132,0.5882879656169535
2015,Brandenburg,Indirect migration background,Yes,0.4166666666666667,38036,0.41171203438304654,0.4216212989502868
2015,Mecklenburg-Western Pomerania,No migration background,Yes,0.6412213740458015,38036,0.6364010533995405,0.6460416946920625
2015,Mecklenburg-Western Pomerania,No migration background,No,0.35877862595419846,38036,0.35395830530793737,0.36359894660045955
2015,Mecklenburg-Western Pomerania,Direct migration background,No,0.5294117647058824,38036,0.5243955515965147,0.53442797781525
2015,Mecklenburg-Western Pomerania,Direct migration background,Yes,0.47058823529411764,38036,0.46557202218475,0.47560444840348526
2015,Mecklenburg-Western Pomerania,Indirect migration background,No,0.9166666666666666,38036,0.9138890407959182,0.9194442925374151
2015,Mecklenburg-Western Pomerania,Indirect migration background,Yes,0.08333333333333333,38036,0.08055570746258482,0.08611095920408184
2015,Saxony,No migration background,Yes,0.6443001443001443,38036,0.6394890417868062,0.6491112468134823
2015,Saxony,No migration background,No,0.3556998556998557,38036,0.3508887531865176,0.3605109582131938
2015,Saxony,Direct migration background,Yes,0.5970149253731343,38036,0.5920855064601293,0.6019443442861393
2015,Saxony,Direct migration background,No,0.40298507462686567,38036,0.3980556557138606,0.40791449353987075
2015,Saxony,Indirect migration background,No,0.6071428571428571,38036,0.602234666491338,0.6120510477943761
2015,Saxony,Indirect migration background,Yes,0.39285714285714285,38036,0.38794895220562386,0.39776533350866183
2015,Saxony-Anhalt,No migration background,Yes,0.6937269372693727,38036,0.6890945236269329,0.6983593509118126
2015,Saxony-Anhalt,No migration background,No,0.3062730627306273,38036,0.30164064908818744,0.3109054763730672
2015,Saxony-Anhalt,Direct migration background,Yes,0.52,38036,0.514979107274533,0.525020892725467
2015,Saxony-Anhalt,Direct migration background,No,0.48,38036,0.47497910727453296,0.485020892725467
2015,Saxony-Anhalt,Indirect migration background,No,0.7058823529411765,38036,0.7013031978190869,0.7104615080632661
2015,Saxony-Anhalt,Indirect migration background,Yes,0.29411764705882354,38036,0.2895384919367339,0.29869680218091316
2015,Thuringa,No migration background,Yes,0.626882966396292,38036,0.6220225393969158,0.6317433933956683
2015,Thuringa,No migration background,No,0.373117033603708,38036,0.36825660660433174,0.3779774606030843
2015,Thuringa,Direct migration background,Yes,0.631578947368421,38036,0.6267311473715261,0.6364267473653159
2015,Thuringa,Direct migration background,No,0.3684210526315789,38036,0.363573252634684,0.37326885262847387
2015,Thuringa,Indirect migration background,Yes,0.6666666666666666,38036,0.661929132063375,0.6714042012699583
2015,Thuringa,Indirect migration background,No,0.3333333333333333,38036,0.32859579873004163,0.338070867936625
2017,Schleswig-Holstein,No migration background,Yes,0.6315086782376502,45410,0.6270717376426078,0.6359456188326926
2017,Schleswig-Holstein,No migration background,No,0.3684913217623498,45410,0.3640543811673073,0.37292826235739224
2017,Schleswig-Holstein,Direct migration background,No,0.512987012987013,45410,0.5083897031206462,0.5175843228533797
2017,Schleswig-Holstein,Direct migration background,Yes,0.487012987012987,45410,0.4824156771466203,0.4916102968793537
2017,Schleswig-Holstein,Indirect migration background,No,0.5609756097560976,45410,0.5564110737814703,0.565540145730725
2017,Schleswig-Holstein,Indirect migration background,Yes,0.43902439024390244,45410,0.4344598542692751,0.4435889262185298
2017,Hamburg,No migration background,Yes,0.668769716088328,45410,0.66444075543765,0.673098676739006
2017,Hamburg,No migration background,No,0.3312302839116719,45410,0.32690132326099397,0.33555924456234987
2017,Hamburg,Direct migration background,No,0.5631067961165048,45410,0.5585447113617634,0.5676688808712462
2017,Hamburg,Direct migration background,Yes,0.4368932038834951,45410,0.43233111912875366,0.4414552886382366
2017,Hamburg,Indirect migration background,No,0.5813953488372093,45410,0.5768578333358295,0.5859328643385892
2017,Hamburg,Indirect migration background,Yes,0.4186046511627907,45410,0.4140671356614109,0.42314216666417054
2017,Lower Saxony,No migration background,Yes,0.6397485493230174,45410,0.6353329684397181,0.6441641302063167
2017,Lower Saxony,No migration background,No,0.3602514506769826,45410,0.35583586979368337,0.36466703156028185
2017,Lower Saxony,Direct migration background,No,0.535483870967742,45410,0.530896605046825,0.5400711368886589
2017,Lower Saxony,Direct migration background,Yes,0.4645161290322581,45410,0.4599288631113412,0.469103394953175
2017,Lower Saxony,Indirect migration background,No,0.5813953488372093,45410,0.5768578333358295,0.5859328643385892
2017,Lower Saxony,Indirect migration background,Yes,0.4186046511627907,45410,0.4140671356614109,0.42314216666417054
2017,Bremen,No migration background,Yes,0.6714285714285714,45410,0.6671084582228153,0.6757486846343275
2017,Bremen,No migration background,No,0.32857142857142857,45410,0.3242513153656725,0.33289154177718466
2017,Bremen,Direct migration background,Yes,0.5074626865671642,45410,0.5028643373933371,0.5120610357409913
2017,Bremen,Direct migration background,No,0.4925373134328358,45410,0.4879389642590088,0.4971356626066628
2017,Bremen,Indirect migration background,No,0.5833333333333334,45410,0.5787987948024812,0.5878678718641855
2017,Bremen,Indirect migration background,Yes,0.4166666666666667,45410,0.4121321281358145,0.42120120519751886
2017,North Rhine-Westphalia,No migration background,Yes,0.6606238336443615,45410,0.656268733869448,0.664978933419275
2017,North Rhine-Westphalia,No migration background,No,0.3393761663556385,45410,0.335021066580725,0.343731266130552
2017,North Rhine-Westphalia,Direct migration background,No,0.5224719101123596,45410,0.5178776957492909,0.5270661244754283
2017,North Rhine-Westphalia,Direct migration background,Yes,0.47752808988764045,45410,0.4729338755245717,0.4821223042507092
2017,North Rhine-Westphalia,Indirect migration background,No,0.5752032520325203,45410,0.5706567061476175,0.5797497979174231
2017,North Rhine-Westphalia,Indirect migration background,Yes,0.4247967479674797,45410,0.42025020208257685,0.4293432938523825
2017,Hesse,No migration background,Yes,0.6408393866020985,45410,0.6364267387455859,0.6452520344586111
2017,Hesse,No migration background,No,0.3591606133979015,45410,0.35474796554138893,0.3635732612544141
2017,Hesse,Direct migration background,Yes,0.5268542199488491,45410,0.5222619962298389,0.5314464436678592
2017,Hesse,Direct migration background,No,0.4731457800511509,45410,0.46855355633214074,0.477738003770161
2017,Hesse,Indirect migration background,No,0.5379310344827586,45410,0.5333454254851305,0.5425166434803866
2017,Hesse,Indirect migration background,Yes,0.46206896551724136,45410,0.4574833565196133,0.4666545745148694
2017,"Rhineland-Palatinate, Saarland",No migration background,Yes,0.6421663442940039,45410,0.6377572977510679,0.6465753908369398
2017,"Rhineland-Palatinate, Saarland",No migration background,No,0.3578336557059961,45410,0.3534246091630602,0.36224270224893207
2017,"Rhineland-Palatinate, Saarland",Direct migration background,No,0.5564516129032258,45410,0.5518821566342361,0.5610210691722154
2017,"Rhineland-Palatinate, Saarland",Direct migration background,Yes,0.4435483870967742,45410,0.4389789308277845,0.4481178433657639
2017,"Rhineland-Palatinate, Saarland",Indirect migration background,No,0.6190476190476191,45410,0.6145810125298552,0.6235142255653829
2017,"Rhineland-Palatinate, Saarland",Indirect migration background,Yes,0.38095238095238093,45410,0.376485774434617,0.38541898747014486
2017,Baden-Wuerttemberg,No migration background,Yes,0.5817399617590823,45410,0.5772029703612964,0.5862769531568681
2017,Baden-Wuerttemberg,No migration background,No,0.4182600382409178,45410,0.413723046843132,0.4227970296387036
2017,Baden-Wuerttemberg,Direct migration background,Yes,0.5015723270440252,45410,0.49697348834370925,0.5061711657443412
2017,Baden-Wuerttemberg,Direct migration background,No,0.49842767295597484,45410,0.4938288342556589,0.5030265116562909
2017,Baden-Wuerttemberg,Indirect migration background,No,0.5342960288808665,45410,0.5297079987202326,0.5388840590415004
2017,Baden-Wuerttemberg,Indirect migration background,Yes,0.4657039711191336,45410,0.4611159409584997,0.47029200127976745
2017,Bavaria,No migration background,Yes,0.6219433719433719,45410,0.6174833790100028,0.626403364876741
2017,Bavaria,No migration background,No,0.37805662805662804,45410,0.37359663512325897,0.3825166209899971
2017,Bavaria,Direct migration background,No,0.5059665871121718,45410,0.5013680531251558,0.5105651210991878
2017,Bavaria,Direct migration background,Yes,0.49403341288782815,45410,0.48943487890081216,0.49863194687484413
2017,Bavaria,Indirect migration background,No,0.5491803278688525,45410,0.5446037670746148,0.5537568886630903
2017,Bavaria,Indirect migration background,Yes,0.45081967213114754,45410,0.4462431113369098,0.4553962329253853
2017,Berlin,No migration background,Yes,0.6740547588005215,45410,0.6697435383336566,0.6783659792673863
2017,Berlin,No migration background,No,0.3259452411994785,45410,0.32163402073261366,0.3302564616663433
2017,Berlin,Direct migration background,Yes,0.5126582278481012,45410,0.508060840403094,0.5172556152931085
2017,Berlin,Direct migration background,No,0.4873417721518987,45410,0.48274438470689146,0.491939159596906
2017,Berlin,Indirect migration background,No,0.5344827586206896,45410,0.5298948468672233,0.5390706703741559
2017,Berlin,Indirect migration background,Yes,0.46551724137931033,45410,0.4609293296258441,0.47010515313277657
2017,Brandenburg,No migration background,Yes,0.6794731064763996,45410,0.6751807212279614,0.6837654917248378
2017,Brandenburg,No migration background,No,0.3205268935236004,45410,0.31623450827516225,0.3248192787720386
2017,Brandenburg,Direct migration background,Yes,0.5714285714285714,45410,0.5668768790460093,0.5759802638111335
2017,Brandenburg,Direct migration background,No,0.42857142857142855,45410,0.42401973618886635,0.43312312095399075
2017,Brandenburg,Indirect migration background,No,0.6470588235294118,45410,0.6426633733001393,0.6514542737586843
2017,Brandenburg,Indirect migration background,Yes,0.35294117647058826,45410,0.34854572624131575,0.35733662669986077
2017,Mecklenburg-Western Pomerania,No migration background,Yes,0.6261510128913443,45410,0.6217009313559508,0.6306010944267378
2017,Mecklenburg-Western Pomerania,No migration background,No,0.3738489871086556,45410,0.3693989055732621,0.3782990686440491
2017,Mecklenburg-Western Pomerania,Direct migration background,No,0.5882352941176471,45410,0.583708607607458,0.5927619806278361
2017,Mecklenburg-Western Pomerania,Direct migration background,Yes,0.4117647058823529,45410,0.40723801937216386,0.416291392392542
2017,Mecklenburg-Western Pomerania,Indirect migration background,No,0.6666666666666666,45410,0.6623308185209037,0.6710025148124296
2017,Mecklenburg-Western Pomerania,Indirect migration background,Yes,0.3333333333333333,45410,0.3289974851875704,0.33766918147909625
2017,Saxony,No migration background,Yes,0.6454957874270901,45410,0.6410959388861476,0.6498956359680327
2017,Saxony,No migration background,No,0.3545042125729099,45410,0.3501043640319674,0.3589040611138525
2017,Saxony,Direct migration background,Yes,0.5915492957746479,45410,0.587028180130692,0.5960704114186037
2017,Saxony,Direct migration background,No,0.4084507042253521,45410,0.40392958858139627,0.412971819869308
2017,Saxony,Indirect migration background,No,0.6538461538461539,45410,0.6494704019682369,0.6582219057240708
2017,Saxony,Indirect migration background,Yes,0.34615384615384615,45410,0.3417780942759292,0.3505295980317631
2017,Saxony-Anhalt,No migration background,Yes,0.6810747663551402,45410,0.6767880755773495,0.6853614571329308
2017,Saxony-Anhalt,No migration background,No,0.3189252336448598,45410,0.31463854286706916,0.32321192442265045
2017,Saxony-Anhalt,Direct migration background,No,0.56,45410,0.5554343704318149,0.5645656295681852
2017,Saxony-Anhalt,Direct migration background,Yes,0.44,45410,0.4354343704318148,0.4445656295681852
2017,Saxony-Anhalt,Indirect migration background,No,0.8,45410,0.7963209108487231,0.803679089151277
2017,Saxony-Anhalt,Indirect migration background,Yes,0.2,45410,0.1963209108487231,0.20367908915127692
2017,Thuringa,No migration background,Yes,0.6573033707865169,45410,0.652938029866353,0.6616687117066808
2017,Thuringa,No migration background,No,0.34269662921348315,45410,0.3383312882933192,0.3470619701336471
2017,Thuringa,Direct migration background,No,0.5652173913043478,45410,0.5606578184380057,0.5697769641706899
2017,Thuringa,Direct migration background,Yes,0.43478260869565216,45410,0.43022303582931004,0.4393421815619943
2017,Thuringa,Indirect migration background,No,0.5882352941176471,45410,0.583708607607458,0.5927619806278361
2017,Thuringa,Indirect migration background,Yes,0.4117647058823529,45410,0.40723801937216386,0.416291392392542
2019,Schleswig-Holstein,No migration background,Yes,0.657997399219766,42417,0.6534828656202212,0.6625119328193108
2019,Schleswig-Holstein,No migration background,No,0.3420026007802341,42417,0.33748806718068924,0.34651713437977893
2019,Schleswig-Holstein,Direct migration background,Yes,0.5193798449612403,42417,0.514625073661951,0.5241346162605297
2019,Schleswig-Holstein,Direct migration background,No,0.4806201550387597,42417,0.4758653837394703,0.48537492633804913
2019,Schleswig-Holstein,Indirect migration background,No,0.5319148936170213,42417,0.5271662499309502,0.5366635373030924
2019,Schleswig-Holstein,Indirect migration background,Yes,0.46808510638297873,42417,0.4633364626969077,0.47283375006904976
2019,Hamburg,No migration background,Yes,0.6693766937669376,42417,0.6648996831677357,0.6738537043661396
2019,Hamburg,No migration background,No,0.33062330623306235,42417,0.32614629563386044,0.33510031683226427
2019,Hamburg,Direct migration background,No,0.5412844036697247,42417,0.5365423047748091,0.5460265025646404
2019,Hamburg,Direct migration background,Yes,0.45871559633027525,42417,0.45397349743535964,0.46345769522519087
2019,Hamburg,Indirect migration background,No,0.5869565217391305,42417,0.5822706872171193,0.5916423562611417
2019,Hamburg,Indirect migration background,Yes,0.41304347826086957,42417,0.4083576437388584,0.4177293127828807
2019,Lower Saxony,No migration background,Yes,0.6754297269969667,42417,0.6709738770984515,0.6798855768954819
2019,Lower Saxony,No migration background,No,0.32457027300303337,42417,0.32011442310451815,0.3290261229015486
2019,Lower Saxony,Direct migration background,Yes,0.5320855614973262,42417,0.5273370219739566,0.5368341010206958
2019,Lower Saxony,Direct migration background,No,0.4679144385026738,42417,0.4631658989793041,0.47266297802604346
2019,Lower Saxony,Indirect migration background,No,0.5583333333333333,42417,0.5536074805694782,0.5630591860971885
2019,Lower Saxony,Indirect migration background,Yes,0.44166666666666665,42417,0.43694081390281153,0.4463925194305218
2019,Bremen,No migration background,Yes,0.6394557823129252,42417,0.6348862618803749,0.6440253027454755
2019,Bremen,No migration background,No,0.36054421768707484,42417,0.3559746972545246,0.3651137381196251
2019,Bremen,Direct migration background,No,0.5789473684210527,42417,0.5742487104579929,0.5836460263841124
2019,Bremen,Direct migration background,Yes,0.42105263157894735,42417,0.4163539736158876,0.4257512895420071
2019,Bremen,Indirect migration background,No,0.5714285714285714,42417,0.5667190293694755,0.5761381134876673
2019,Bremen,Indirect migration background,Yes,0.42857142857142855,42417,0.4238618865123326,0.4332809706305245
2019,North Rhine-Westphalia,No migration background,Yes,0.6858721389108129,42417,0.6814547981153656,0.6902894797062602
2019,North Rhine-Westphalia,No migration background,No,0.31412786108918705,42417,0.30971052029373974,0.31854520188463437
2019,North Rhine-Westphalia,Direct migration background,Yes,0.5669724770642202,42417,0.5622570086985588,0.5716879454298815
2019,North Rhine-Westphalia,Direct migration background,No,0.43302752293577984,42417,0.42831205457011845,0.43774299130144123
2019,North Rhine-Westphalia,Indirect migration background,Yes,0.5179704016913319,42417,0.5132151290539037,0.5227256743287602
2019,North Rhine-Westphalia,Indirect migration background,No,0.4820295983086681,42417,0.4772743256712398,0.4867848709460964
2019,Hesse,No migration background,Yes,0.6908665105386417,42417,0.6864685007126345,0.6952645203646488
2019,Hesse,No migration background,No,0.3091334894613583,42417,0.3047354796353512,0.31353149928736546
2019,Hesse,Direct migration background,Yes,0.6460481099656358,42417,0.6414972796264001,0.6505989403048714
2019,Hesse,Direct migration background,No,0.3539518900343643,42417,0.3494010596951287,0.35850272037359987
2019,Hesse,Indirect migration background,No,0.5039370078740157,42417,0.49917880847808827,0.5086952072699432
2019,Hesse,Indirect migration background,Yes,0.49606299212598426,42417,0.4913047927300568,0.5008211915219117
2019,"Rhineland-Palatinate, Saarland",No migration background,Yes,0.6894586894586895,42417,0.6850551700763851,0.6938622088409939
2019,"Rhineland-Palatinate, Saarland",No migration background,No,0.31054131054131057,42417,0.30613779115900613,0.314944829923615
2019,"Rhineland-Palatinate, Saarland",Direct migration background,No,0.5504885993485342,42417,0.5457545735886127,0.5552226251084558
2019,"Rhineland-Palatinate, Saarland",Direct migration background,Yes,0.4495114006514658,42417,0.44477737489154423,0.4542454264113873
2019,"Rhineland-Palatinate, Saarland",Indirect migration background,No,0.5306122448979592,42417,0.5258628245482531,0.5353616652476654
2019,"Rhineland-Palatinate, Saarland",Indirect migration background,Yes,0.46938775510204084,42417,0.4646383347523347,0.474137175451747
2019,Baden-Wuerttemberg,No migration background,Yes,0.6674901185770751,42417,0.663006684429882,0.6719735527242682
2019,Baden-Wuerttemberg,No migration background,No,0.3325098814229249,42417,0.3280264472757318,0.336993315570118
2019,Baden-Wuerttemberg,Direct migration background,Yes,0.5722543352601156,42417,0.5675459341785489,0.5769627363416823
2019,Baden-Wuerttemberg,Direct migration background,No,0.4277456647398844,42417,0.42303726365831773,0.4324540658214511
2019,Baden-Wuerttemberg,Indirect migration background,Yes,0.5327510917030568,42417,0.5280029636981451,0.5374992197079684
2019,Baden-Wuerttemberg,Indirect migration background,No,0.4672489082969432,42417,0.4625007802920316,0.4719970363018548
2019,Bavaria,No migration background,Yes,0.6550695825049702,42417,0.6505458641224171,0.6595933008875232
2019,Bavaria,No migration background,No,0.34493041749502984,42417,0.34040669911247673,0.34945413587758295
2019,Bavaria,Direct migration background,Yes,0.5646879756468798,42417,0.5599696197200935,0.569406331573666
2019,Bavaria,Direct migration background,No,0.4353120243531202,42417,0.43059366842633395,0.4400303802799065
2019,Bavaria,Indirect migration background,Yes,0.5041322314049587,42417,0.49937404700121857,0.5088904158086988
2019,Bavaria,Indirect migration background,No,0.49586776859504134,42417,0.49110958419130124,0.5006259529987814
2019,Berlin,No migration background,Yes,0.7148194271481942,42417,0.7105226360577046,0.7191162182386839
2019,Berlin,No migration background,No,0.2851805728518057,42417,0.280883781761316,0.2894773639422954
2019,Berlin,Direct migration background,Yes,0.6118421052631579,42417,0.6072043269127769,0.6164798836135388
2019,Berlin,Direct migration background,No,0.3881578947368421,42417,0.3835201163864612,0.39279567308722296
2019,Berlin,Indirect migration background,Yes,0.5625,42417,0.5577789740368532,0.5672210259631468
2019,Berlin,Indirect migration background,No,0.4375,42417,0.4327789740368532,0.4422210259631468
2019,Brandenburg,No migration background,Yes,0.7151394422310757,42417,0.7108441014765657,0.7194347829855857
2019,Brandenburg,No migration background,No,0.2848605577689243,42417,0.2805652170144143,0.2891558985234344
2019,Brandenburg,Direct migration background,Yes,0.5256410256410257,42417,0.520888939719247,0.5303931115628043
2019,Brandenburg,Direct migration background,No,0.47435897435897434,42417,0.46960688843719567,0.479111060280753
2019,Brandenburg,Indirect migration background,No,0.625,42417,0.6203927504181731,0.6296072495818269
2019,Brandenburg,Indirect migration background,Yes,0.375,42417,0.3703927504181731,0.3796072495818269
2019,Mecklenburg-Western Pomerania,No migration background,Yes,0.7050610820244329,42417,0.7007213240520642,0.7094008399968015
2019,Mecklenburg-Western Pomerania,No migration background,No,0.2949389179755672,42417,0.2905991600031985,0.2992786759479359
2019,Mecklenburg-Western Pomerania,Direct migration background,Yes,0.6666666666666666,42417,0.662180454179515,0.6711528791538183
2019,Mecklenburg-Western Pomerania,Direct migration background,No,0.3333333333333333,42417,0.3288471208461816,0.337819545820485
2019,Mecklenburg-Western Pomerania,Indirect migration background,No,0.6,42417,0.595337791223222,0.604662208776778
2019,Mecklenburg-Western Pomerania,Indirect migration background,Yes,0.4,42417,0.39533779122322205,0.404662208776778
2019,Saxony,No migration background,Yes,0.6861074705111402,42417,0.6816910271957243,0.6905239138265561
2019,Saxony,No migration background,No,0.31389252948885976,42417,0.3094760861734438,0.3183089728042757
2019,Saxony,Direct migration background,Yes,0.6984126984126984,42417,0.6940450397943627,0.702780357031034
2019,Saxony,Direct migration background,No,0.30158730158730157,42417,0.29721964296896586,0.3059549602056373
2019,Saxony,Indirect migration background,No,0.5714285714285714,42417,0.5667190293694755,0.5761381134876673
2019,Saxony,Indirect migration background,Yes,0.42857142857142855,42417,0.4238618865123326,0.4332809706305245
2019,Saxony-Anhalt,No migration background,Yes,0.7417783191230207,42417,0.7376132758642134,0.745943362381828
2019,Saxony-Anhalt,No migration background,No,0.2582216808769793,42417,0.25405663761817204,0.2623867241357865
2019,Saxony-Anhalt,Direct migration background,No,0.5121951219512195,42417,0.5074381905867238,0.5169520533157153
2019,Saxony-Anhalt,Direct migration background,Yes,0.4878048780487805,42417,0.48304794668428475,0.4925618094132762
2019,Saxony-Anhalt,Indirect migration background,No,0.625,42417,0.6203927504181731,0.6296072495818269
2019,Saxony-Anhalt,Indirect migration background,Yes,0.375,42417,0.3703927504181731,0.3796072495818269
2019,Thuringa,No migration background,Yes,0.691764705882353,42417,0.6873702361277576,0.6961591756369483
2019,Thuringa,No migration background,No,0.30823529411764705,42417,0.30384082436305165,0.31262976387224245
2019,Thuringa,Direct migration background,No,0.5094339622641509,42417,0.5046764624146439,0.514191462113658
2019,Thuringa,Direct migration background,Yes,0.49056603773584906,42417,0.4858085378863421,0.495323537585356
2019,Thuringa,Indirect migration background,Yes,0.7142857142857143,42417,0.7099865102502373,0.7185849183211913
2019,Thuringa,Indirect migration background,No,0.2857142857142857,42417,0.28141508167880874,0.29001348974976265
2021,Schleswig-Holstein,No migration background,Yes,0.6419753086419753,27598,0.6363190023579679,0.6476316149259826
2021,Schleswig-Holstein,No migration background,No,0.35802469135802467,27598,0.3523683850740173,0.36368099764203204
2021,Schleswig-Holstein,Direct migration background,No,0.5426008968609866,27598,0.5367232271979345,0.5484785665240386
2021,Schleswig-Holstein,Direct migration background,Yes,0.45739910313901344,27598,0.45152143347596135,0.46327677280206553
2021,Schleswig-Holstein,Indirect migration background,Yes,0.5428571428571428,27598,0.5369797325039071,0.5487345532103786
2021,Schleswig-Holstein,Indirect migration background,No,0.45714285714285713,27598,0.4512654467896213,0.46302026749609293
2021,Hamburg,No migration background,Yes,0.6798561151079137,27598,0.6743518622613189,0.6853603679545084
2021,Hamburg,No migration background,No,0.32014388489208634,27598,0.3146396320454916,0.32564813773868106
2021,Hamburg,Direct migration background,Yes,0.5136986301369864,27598,0.5078017239803256,0.5195955362936471
2021,Hamburg,Direct migration background,No,0.4863013698630137,27598,0.4804044637063529,0.4921982760196745
2021,Hamburg,Indirect migration background,No,0.5769230769230769,27598,0.5710941865105447,0.5827519673356091
2021,Hamburg,Indirect migration background,Yes,0.4230769230769231,27598,0.4172480326643909,0.4289058134894552
2021,Lower Saxony,No migration background,Yes,0.6816109422492401,27598,0.6761147158986673,0.6871071685998129
2021,Lower Saxony,No migration background,No,0.3183890577507599,27598,0.3128928314001871,0.32388528410133266
2021,Lower Saxony,Direct migration background,No,0.5613305613305614,27598,0.5554759873327637,0.567185135328359
2021,Lower Saxony,Direct migration background,Yes,0.4386694386694387,27598,0.43281486467164104,0.44452401266723635
2021,Lower Saxony,Indirect migration background,No,0.6190476190476191,27598,0.6133181465231887,0.6247770915720494
2021,Lower Saxony,Indirect migration background,Yes,0.38095238095238093,27598,0.37522290842795064,0.3866818534768112
2021,Bremen,No migration background,Yes,0.6704545454545454,27598,0.664908804253467,0.6760002866556238
2021,Bremen,No migration background,No,0.32954545454545453,27598,0.3239997133443761,0.33509119574653295
2021,Bremen,Direct migration background,No,0.6,27598,0.5942200658970318,0.6057799341029682
2021,Bremen,Direct migration background,Yes,0.4,27598,0.39422006589703185,0.4057799341029682
2021,Bremen,Indirect migration background,No,0.75,27598,0.7448912117512247,0.7551087882487753
2021,Bremen,Indirect migration background,Yes,0.25,27598,0.24489121175122475,0.25510878824877525
2021,North Rhine-Westphalia,No migration background,Yes,0.7081167532986805,27598,0.7027529321892041,0.7134805744081569
2021,North Rhine-Westphalia,No migration background,No,0.2918832467013195,27598,0.28651942559184307,0.2972470678107959
2021,North Rhine-Westphalia,Direct migration background,No,0.5077149155033064,27598,0.5018164972341616,0.5136133337724512
2021,North Rhine-Westphalia,Direct migration background,Yes,0.4922850844966936,27598,0.4863866662275487,0.4981835027658385
2021,North Rhine-Westphalia,Indirect migration background,Yes,0.536,27598,0.5301161898471627,0.5418838101528374
2021,North Rhine-Westphalia,Indirect migration background,No,0.464,27598,0.4581161898471627,0.46988381015283737
2021,Hesse,No migration background,Yes,0.6876574307304786,27598,0.6821895513509594,0.6931253101099978
2021,Hesse,No migration background,No,0.3123425692695214,27598,0.3068746898900022,0.3178104486490406
2021,Hesse,Direct migration background,Yes,0.5160599571734475,27598,0.5101638804459752,0.5219560339009199
2021,Hesse,Direct migration background,No,0.48394004282655245,27598,0.4780439660990801,0.4898361195540248
2021,Hesse,Indirect migration background,No,0.5,27598,0.49410087945867365,0.5058991205413264
2021,Hesse,Indirect migration background,Yes,0.5,27598,0.49410087945867365,0.5058991205413264
2021,"Rhineland-Palatinate, Saarland",No migration background,Yes,0.7246376811594203,27598,0.7193674461927313,0.7299079161261093
2021,"Rhineland-Palatinate, Saarland",No migration background,No,0.2753623188405797,27598,0.2700920838738907,0.2806325538072687
2021,"Rhineland-Palatinate, Saarland",Direct migration background,No,0.5607476635514018,27598,0.5548922436741608,0.5666030834286429
2021,"Rhineland-Palatinate, Saarland",Direct migration background,Yes,0.4392523364485981,27598,0.43339691657135715,0.4451077563258391
2021,"Rhineland-Palatinate, Saarland",Indirect migration background,Yes,0.5740740740740741,27598,0.5682400492692176,0.5799080988789306
2021,"Rhineland-Palatinate, Saarland",Indirect migration background,No,0.42592592592592593,27598,0.4200919011210694,0.43175995073078244
2021,Baden-Wuerttemberg,No migration background,Yes,0.6635174418604651,27598,0.6579427005842466,0.6690921831366836
2021,Baden-Wuerttemberg,No migration background,No,0.33648255813953487,27598,0.33090781686331633,0.3420572994157534
2021,Baden-Wuerttemberg,Direct migration background,No,0.5038759689922481,27598,0.49797702570016056,0.5097749122843356
2021,Baden-Wuerttemberg,Direct migration background,Yes,0.49612403100775193,27598,0.4902250877156644,0.5020229742998394
2021,Baden-Wuerttemberg,Indirect migration background,Yes,0.5205479452054794,27598,0.5146538081995498,0.5264420822114091
2021,Baden-Wuerttemberg,Indirect migration background,No,0.4794520547945205,27598,0.47355791778859085,0.4853461918004502
2021,Bavaria,No migration background,Yes,0.6915322580645161,27598,0.6860831130564027,0.6969814030726296
2021,Bavaria,No migration background,No,0.3084677419354839,27598,0.30301859692737043,0.3139168869435973
2021,Bavaria,Direct migration background,Yes,0.5409604519774012,27598,0.5350811593592956,0.5468397445955068
2021,Bavaria,Direct migration background,No,0.4590395480225989,27598,0.45316025540449323,0.46491884064070454
2021,Bavaria,Indirect migration background,Yes,0.5875,27598,0.5816919121303316,0.5933080878696685
2021,Bavaria,Indirect migration background,No,0.4125,27598,0.4066919121303315,0.41830808786966844
2021,Berlin,No migration background,Yes,0.6808510638297872,27598,0.6753513508256569,0.6863507768339175
2021,Berlin,No migration background,No,0.3191489361702128,27598,0.3136492231660825,0.32464864917434305
2021,Berlin,Direct migration background,No,0.5423728813559322,27598,0.5364949822681679,0.5482507804436965
2021,Berlin,Direct migration background,Yes,0.4576271186440678,27598,0.45174921955630354,0.46350501773183206
2021,Berlin,Indirect migration background,Yes,0.574468085106383,27598,0.5686347585666826,0.5803014116460835
2021,Berlin,Indirect migration background,No,0.425531914893617,27598,0.4196985883539165,0.43136524143331756
2021,Brandenburg,No migration background,Yes,0.766497461928934,27598,0.7615061072708698,0.7714888165869982
2021,Brandenburg,No migration background,No,0.233502538071066,27598,0.22851118341300183,0.23849389272913016
2021,Brandenburg,Direct migration background,No,0.5567010309278351,27598,0.5508399645533922,0.5625620973022779
2021,Brandenburg,Direct migration background,Yes,0.44329896907216493,27598,0.43743790269772204,0.4491600354466078
2021,Brandenburg,Indirect migration background,Yes,0.6153846153846154,27598,0.6096447208915456,0.6211245098776852
2021,Brandenburg,Indirect migration background,No,0.38461538461538464,27598,0.37887549012231486,0.3903552791084544
2021,Mecklenburg-Western Pomerania,No migration background,Yes,0.7669376693766937,27598,0.761949590143386,0.7719257486100014
2021,Mecklenburg-Western Pomerania,No migration background,No,0.23306233062330622,27598,0.22807425138999848,0.23805040985661396
2021,Mecklenburg-Western Pomerania,Direct migration background,No,0.59375,27598,0.587955502704346,0.599544497295654
2021,Mecklenburg-Western Pomerania,Direct migration background,Yes,0.40625,27598,0.40045550270434604,0.41204449729565396
2021,Mecklenburg-Western Pomerania,Indirect migration background,No,0.6666666666666666,27598,0.6611049224829216,0.6722284108504116
2021,Mecklenburg-Western Pomerania,Indirect migration background,Yes,0.3333333333333333,27598,0.32777158914958837,0.33889507751707826
2021,Saxony,No migration background,Yes,0.6660098522167488,27598,0.6604453743279507,0.6715743301055469
2021,Saxony,No migration background,No,0.33399014778325126,27598,0.32842566989445315,0.33955462567204936
2021,Saxony,Direct migration background,Yes,0.512396694214876,27598,0.5064993870826907,0.5182940013470613
2021,Saxony,Direct migration background,No,0.48760330578512395,27598,0.4817059986529386,0.4935006129173093
2021,Saxony,Indirect migration background,No,0.5,27598,0.49410087945867365,0.5058991205413264
2021,Saxony,Indirect migration background,Yes,0.5,27598,0.49410087945867365,0.5058991205413264
2021,Saxony-Anhalt,No migration background,Yes,0.7312252964426877,27598,0.7259948704005622,0.7364557224848133
2021,Saxony-Anhalt,No migration background,No,0.26877470355731226,27598,0.2635442775151868,0.27400512959943774
2021,Saxony-Anhalt,Direct migration background,No,0.7,27598,0.6945933667171406,0.7054066332828594
2021,Saxony-Anhalt,Direct migration background,Yes,0.3,27598,0.2945933667171406,0.3054066332828594
2021,Saxony-Anhalt,Indirect migration background,No,0.7692307692307693,27598,0.7642598747847285,0.7742016636768101
2021,Saxony-Anhalt,Indirect migration background,Yes,0.23076923076923078,27598,0.22579833632318996,0.2357401252152716
2021,Thuringa,No migration background,Yes,0.6877323420074349,27598,0.6822648205837651,0.6931998634311047
2021,Thuringa,No migration background,No,0.31226765799256506,27598,0.3068001365688952,0.3177351794162349
2021,Thuringa,Direct migration background,No,0.5795454545454546,27598,0.5737214655709721,0.585369443519937
2021,Thuringa,Direct migration background,Yes,0.42045454545454547,27598,0.41463055648006303,0.4262785344290279
2021,Thuringa,Indirect migration background,Yes,0.8571428571428571,27598,0.8530143327835941,0.8612713815021201
2021,Thuringa,Indirect migration background,No,0.14285714285714285,27598,0.13872861849787985,0.14698566721640585
