year,pgisced97,quintil_oecd,chronill,proportion,n,proportion_lower_confidence,proportion_upper_confidence
2009,in school,1st Quintile,No,0.7941176470588235,21983,0.7887724394684555,0.7994628546491914
2009,in school,1st Quintile,Yes,0.20588235294117646,21983,0.20053714535080858,0.21122756053154434
2009,in school,2nd Quintile,No,0.625,21983,0.6186001730053406,0.6313998269946594
2009,in school,2nd Quintile,Yes,0.375,21983,0.36860017300534065,0.38139982699465935
2009,in school,3rd Quintile,No,0.8181818181818182,21983,0.8130831569322103,0.8232804794314261
2009,in school,3rd Quintile,Yes,0.18181818181818182,21983,0.17671952056857396,0.1869168430677897
2009,in school,4th Quintile,No,0.7560975609756098,21983,0.7504206827068333,0.7617744392443863
2009,in school,4th Quintile,Yes,0.24390243902439024,21983,0.2382255607556137,0.24957931729316676
2009,in school,5th Quintile,No,0.8390804597701149,21983,0.8342228929134424,0.8439380266267874
2009,in school,5th Quintile,Yes,0.16091954022988506,21983,0.1560619733732126,0.16577710708655752
2009,inadequately,1st Quintile,Yes,0.5324675324675324,21983,0.5258717694240901,0.5390632955109748
2009,inadequately,1st Quintile,No,0.4675324675324675,21983,0.4609367044890252,0.47412823057590986
2009,inadequately,2nd Quintile,Yes,0.5,21983,0.4933902871016202,0.5066097128983797
2009,inadequately,2nd Quintile,No,0.5,21983,0.4933902871016202,0.5066097128983797
2009,inadequately,3rd Quintile,Yes,0.6296296296296297,21983,0.6232459175963235,0.6360133416629358
2009,inadequately,3rd Quintile,No,0.37037037037037035,21983,0.3639866583370642,0.3767540824036765
2009,inadequately,4th Quintile,No,0.6666666666666666,21983,0.6604349695838125,0.6728983637495207
2009,inadequately,4th Quintile,Yes,0.3333333333333333,21983,0.3271016362504793,0.33956503041618735
2009,inadequately,5th Quintile,No,0.5714285714285714,21983,0.5648866522494644,0.5779704906076784
2009,inadequately,5th Quintile,Yes,0.42857142857142855,21983,0.4220295093923216,0.4351133477505355
2009,general elementary,1st Quintile,Yes,0.6099476439790575,21983,0.6034997138428289,0.6163955741152862
2009,general elementary,1st Quintile,No,0.3900523560209424,21983,0.38360442588471366,0.39650028615717114
2009,general elementary,2nd Quintile,Yes,0.615909090909091,21983,0.6094794323215552,0.6223387494966267
2009,general elementary,2nd Quintile,No,0.3840909090909091,21983,0.37766125050337335,0.39052056767844484
2009,general elementary,3rd Quintile,Yes,0.5128205128205128,21983,0.5062129730975652,0.5194280525434604
2009,general elementary,3rd Quintile,No,0.48717948717948717,21983,0.4805719474565396,0.49378702690243476
2009,general elementary,4th Quintile,No,0.5189873417721519,21983,0.5123823964493142,0.5255922870949896
2009,general elementary,4th Quintile,Yes,0.4810126582278481,21983,0.4744077129050103,0.4876176035506859
2009,general elementary,5th Quintile,No,0.5064935064935064,21983,0.49988435102400375,0.5131026619630091
2009,general elementary,5th Quintile,Yes,0.4935064935064935,21983,0.4868973380369908,0.5001156489759963
2009,middle vocational,1st Quintile,Yes,0.5404837013669821,21983,0.5338956898085954,0.5470717129253688
2009,middle vocational,1st Quintile,No,0.45951629863301785,21983,0.4529282870746312,0.4661043101914045
2009,middle vocational,2nd Quintile,Yes,0.5589022757697456,21983,0.5523385876192866,0.5654659639202047
2009,middle vocational,2nd Quintile,No,0.44109772423025434,21983,0.43453403607979524,0.44766141238071344
2009,middle vocational,3rd Quintile,Yes,0.5366554863440345,21983,0.5300635593221374,0.5432474133659315
2009,middle vocational,3rd Quintile,No,0.4633445136559655,21983,0.4567525866340685,0.46993644067786255
2009,middle vocational,4th Quintile,No,0.5169600686990125,21983,0.510354159382617,0.5235659780154079
2009,middle vocational,4th Quintile,Yes,0.48303993130098755,21983,0.47643402198459206,0.48964584061738303
2009,middle vocational,5th Quintile,No,0.500243783520234,21983,0.4936340714074901,0.506853495632978
2009,middle vocational,5th Quintile,Yes,0.499756216479766,21983,0.49314650436702206,0.50636592859251
2009,vocational + Abi,1st Quintile,No,0.5588235294117647,21983,0.552259717852738,0.5653873409707915
2009,vocational + Abi,1st Quintile,Yes,0.4411764705882353,21983,0.43461265902920854,0.447740282147262
2009,vocational + Abi,2nd Quintile,No,0.5546218487394958,21983,0.5480516949916439,0.5611920024873478
2009,vocational + Abi,2nd Quintile,Yes,0.44537815126050423,21983,0.43880799751265226,0.4519483050083562
2009,vocational + Abi,3rd Quintile,No,0.6502732240437158,21983,0.6439690968158408,0.6565773512715908
2009,vocational + Abi,3rd Quintile,Yes,0.34972677595628415,21983,0.3434226487284092,0.3560309031841591
2009,vocational + Abi,4th Quintile,No,0.5543071161048689,21983,0.5477365064358661,0.5608777257738717
2009,vocational + Abi,4th Quintile,Yes,0.44569288389513106,21983,0.4391222742261283,0.4522634935641338
2009,vocational + Abi,5th Quintile,No,0.5673352435530086,21983,0.5607857422448032,0.573884744861214
2009,vocational + Abi,5th Quintile,Yes,0.4326647564469914,21983,0.42611525513878606,0.4392142577551968
2009,higher vocational,1st Quintile,Yes,0.6571428571428571,21983,0.6508680686984321,0.6634176455872822
2009,higher vocational,1st Quintile,No,0.34285714285714286,21983,0.33658235441271783,0.3491319313015679
2009,higher vocational,2nd Quintile,Yes,0.5384615384615384,21983,0.5318714099407198,0.5450516669823571
2009,higher vocational,2nd Quintile,No,0.46153846153846156,21983,0.45494833301764287,0.46812859005928026
2009,higher vocational,3rd Quintile,Yes,0.5746268656716418,21983,0.5680911886310827,0.5811625427122009
2009,higher vocational,3rd Quintile,No,0.4253731343283582,21983,0.41883745728779914,0.4319088113689173
2009,higher vocational,4th Quintile,Yes,0.5569620253164557,21983,0.5503953452064592,0.5635287054264522
2009,higher vocational,4th Quintile,No,0.4430379746835443,21983,0.43647129457354783,0.4496046547935407
2009,higher vocational,5th Quintile,Yes,0.5097560975609756,21983,0.5031476430263584,0.5163645520955928
2009,higher vocational,5th Quintile,No,0.4902439024390244,21983,0.48363544790440716,0.4968523569736416
2009,higher education,1st Quintile,No,0.5328467153284672,21983,0.526251280378484,0.5394421502784503
2009,higher education,1st Quintile,Yes,0.46715328467153283,21983,0.4605578497215497,0.473748719621516
2009,higher education,2nd Quintile,Yes,0.5814977973568282,21983,0.5749764774923326,0.5880191172213237
2009,higher education,2nd Quintile,No,0.4185022026431718,21983,0.4119808827786763,0.4250235225076673
2009,higher education,3rd Quintile,Yes,0.5147058823529411,21983,0.508099028945458,0.5213127357604243
2009,higher education,3rd Quintile,No,0.4852941176470588,21983,0.4786872642395757,0.49190097105454195
2009,higher education,4th Quintile,Yes,0.5280373831775701,21983,0.521438070183549,0.5346366961715912
2009,higher education,4th Quintile,No,0.4719626168224299,21983,0.4653633038284089,0.4785619298164509
2009,higher education,5th Quintile,No,0.5123456790123457,21983,0.5057379812703843,0.5189533767543072
2009,higher education,5th Quintile,Yes,0.4876543209876543,21983,0.4810466232456928,0.49426201872961584
2011,in school,1st Quintile,No,0.6666666666666666,41903,0.6621530231491485,0.6711803101841848
2011,in school,1st Quintile,Yes,0.3333333333333333,41903,0.32881968981581516,0.33784697685085147
2011,in school,2nd Quintile,No,0.7777777777777778,41903,0.7737971183597272,0.7817584371958284
2011,in school,2nd Quintile,Yes,0.2222222222222222,41903,0.21824156280417162,0.2262028816402728
2011,in school,3rd Quintile,No,0.8518518518518519,41903,0.8484504052116294,0.8552532984920743
2011,in school,3rd Quintile,Yes,0.14814814814814814,41903,0.14474670150792568,0.1515495947883706
2011,in school,4th Quintile,No,0.7272727272727273,41903,0.7230084400547663,0.7315370144906883
2011,in school,4th Quintile,Yes,0.2727272727272727,41903,0.26846298550931164,0.2769915599452338
2011,in school,5th Quintile,No,0.8133333333333334,41903,0.8096025400617665,0.8170641266049002
2011,in school,5th Quintile,Yes,0.18666666666666668,41903,0.18293587339509976,0.1903974599382336
2011,inadequately,1st Quintile,Yes,0.7297297297297297,41903,0.7254775298495518,0.7339819296099076
2011,inadequately,1st Quintile,No,0.2702702702702703,41903,0.26601807039009234,0.27452247015044823
2011,inadequately,2nd Quintile,Yes,0.5588235294117647,41903,0.5540693340297191,0.5635777247938103
2011,inadequately,2nd Quintile,No,0.4411764705882353,41903,0.4364222752061897,0.44593066597028086
2011,inadequately,3rd Quintile,Yes,0.7586206896551724,41903,0.7545234074699718,0.7627179718403729
2011,inadequately,3rd Quintile,No,0.2413793103448276,41903,0.2372820281596271,0.2454765925300281
2011,inadequately,4th Quintile,Yes,0.7272727272727273,41903,0.7230084400547663,0.7315370144906883
2011,inadequately,4th Quintile,No,0.2727272727272727,41903,0.26846298550931164,0.2769915599452338
2011,inadequately,5th Quintile,No,0.625,41903,0.620364579304222,0.629635420695778
2011,inadequately,5th Quintile,Yes,0.375,41903,0.3703645793042219,0.3796354206957781
2011,general elementary,1st Quintile,Yes,0.6563573883161512,41903,0.6518100506159672,0.6609047260163352
2011,general elementary,1st Quintile,No,0.3436426116838488,41903,0.33909527398366474,0.34818994938403286
2011,general elementary,2nd Quintile,Yes,0.6978193146417445,41903,0.6934224979801639,0.7022161313033252
2011,general elementary,2nd Quintile,No,0.30218068535825543,41903,0.2977838686966748,0.3065775020198361
2011,general elementary,3rd Quintile,Yes,0.6308900523560209,41903,0.626269560303227,0.6355105444088148
2011,general elementary,3rd Quintile,No,0.36910994764397903,41903,0.36448945559118506,0.373730439696773
2011,general elementary,4th Quintile,Yes,0.6245487364620939,41903,0.6199122022890972,0.6291852706350906
2011,general elementary,4th Quintile,No,0.37545126353790614,41903,0.37081472936490945,0.38008779771090284
2011,general elementary,5th Quintile,Yes,0.6233766233766234,41903,0.6187372171037337,0.628016029649513
2011,general elementary,5th Quintile,No,0.37662337662337664,41903,0.371983970350487,0.38126278289626625
2011,middle vocational,1st Quintile,Yes,0.6877637130801688,41903,0.6833266579079409,0.6922007682523967
2011,middle vocational,1st Quintile,No,0.31223628691983124,41903,0.3077992317476034,0.3166733420920591
2011,middle vocational,2nd Quintile,Yes,0.6683127572016461,41903,0.66380471707968,0.6728207973236121
2011,middle vocational,2nd Quintile,No,0.33168724279835393,41903,0.3271792026763879,0.33619528292031997
2011,middle vocational,3rd Quintile,Yes,0.639344262295082,41903,0.6347464914525051,0.643942033137659
2011,middle vocational,3rd Quintile,No,0.36065573770491804,41903,0.35605796686234115,0.36525350854749494
2011,middle vocational,4th Quintile,Yes,0.6142322097378277,41903,0.6095713848330935,0.6188930346425618
2011,middle vocational,4th Quintile,No,0.3857677902621723,41903,0.3811069653574381,0.39042861516690647
2011,middle vocational,5th Quintile,Yes,0.6099629040805511,41903,0.6052926750221544,0.6146331331389477
2011,middle vocational,5th Quintile,No,0.39003709591944885,41903,0.3853668668610522,0.3947073249778455
2011,vocational + Abi,1st Quintile,Yes,0.5576923076923077,41903,0.5529368416347371,0.5624477737498783
2011,vocational + Abi,1st Quintile,No,0.4423076923076923,41903,0.4375522262501217,0.4470631583652629
2011,vocational + Abi,2nd Quintile,No,0.5164835164835165,41903,0.5116986768385214,0.5212683561285116
2011,vocational + Abi,2nd Quintile,Yes,0.4835164835164835,41903,0.4787316438714884,0.4883013231614786
2011,vocational + Abi,3rd Quintile,No,0.5405405405405406,41903,0.5357688612417895,0.5453122198392917
2011,vocational + Abi,3rd Quintile,Yes,0.4594594594594595,41903,0.45468778016070843,0.46423113875821054
2011,vocational + Abi,4th Quintile,Yes,0.5426356589147286,41903,0.5378656539789975,0.5474056638504597
2011,vocational + Abi,4th Quintile,No,0.4573643410852713,41903,0.45259433614954014,0.46213434602100245
2011,vocational + Abi,5th Quintile,Yes,0.569364161849711,41903,0.5646230122242708,0.5741053114751511
2011,vocational + Abi,5th Quintile,No,0.430635838150289,41903,0.4258946885248489,0.4353769877757291
2011,higher vocational,1st Quintile,Yes,0.775,41903,0.7710016977327903,0.7789983022672098
2011,higher vocational,1st Quintile,No,0.225,41903,0.22100169773279024,0.22899830226720977
2011,higher vocational,2nd Quintile,Yes,0.6902654867256637,41903,0.6858382128069439,0.6946927606443835
2011,higher vocational,2nd Quintile,No,0.30973451327433627,41903,0.3053072393556165,0.31416178719305604
2011,higher vocational,3rd Quintile,Yes,0.6748971193415638,41903,0.670412116640146,0.6793821220429817
2011,higher vocational,3rd Quintile,No,0.32510288065843623,41903,0.32061787795701846,0.329587883359854
2011,higher vocational,4th Quintile,Yes,0.6340057636887608,41903,0.6293934669658265,0.6386180604116951
2011,higher vocational,4th Quintile,No,0.3659942363112392,41903,0.3613819395883049,0.37060653303417346
2011,higher vocational,5th Quintile,Yes,0.6585956416464891,41903,0.654055415665311,0.6631358676276672
2011,higher vocational,5th Quintile,No,0.3414043583535109,41903,0.33686413237233287,0.34594458433468894
2011,higher education,1st Quintile,Yes,0.591304347826087,41903,0.5865974035392725,0.5960112921129015
2011,higher education,1st Quintile,No,0.40869565217391307,41903,0.4039887078870985,0.41340259646072763
2011,higher education,2nd Quintile,Yes,0.6105263157894737,41903,0.6058573061945087,0.6151953253844387
2011,higher education,2nd Quintile,No,0.3894736842105263,41903,0.3848046746155613,0.39414269380549133
2011,higher education,3rd Quintile,Yes,0.6736292428198434,41903,0.6691397260471258,0.678118759592561
2011,higher education,3rd Quintile,No,0.3263707571801567,41903,0.32188124040743904,0.3308602739528743
2011,higher education,4th Quintile,Yes,0.6213942307692307,41903,0.6167500326842955,0.6260384288541659
2011,higher education,4th Quintile,No,0.3786057692307692,41903,0.373961571145834,0.38324996731570443
2011,higher education,5th Quintile,Yes,0.5698166431593794,41903,0.5650761024553537,0.5745571838634052
2011,higher education,5th Quintile,No,0.4301833568406206,41903,0.42544281613659485,0.43492389754464633
2013,in school,1st Quintile,No,0.6875,44486,0.6831926937158757,0.6918073062841243
2013,in school,1st Quintile,Yes,0.3125,44486,0.3081926937158756,0.3168073062841244
2013,in school,2nd Quintile,No,0.6060606060606061,44486,0.6015199654747364,0.6106012466464757
2013,in school,2nd Quintile,Yes,0.3939393939393939,44486,0.3893987533535243,0.39848003452526354
2013,in school,3rd Quintile,No,0.8113207547169812,44486,0.8076849315650144,0.8149565778689479
2013,in school,3rd Quintile,Yes,0.18867924528301888,44486,0.18504342213105215,0.1923150684349856
2013,in school,4th Quintile,No,0.8103448275862069,44486,0.806701806620867,0.8139878485515467
2013,in school,4th Quintile,Yes,0.1896551724137931,44486,0.1860121514484532,0.19329819337913298
2013,in school,5th Quintile,No,0.7710843373493976,44486,0.7671801280847695,0.7749885466140257
2013,in school,5th Quintile,Yes,0.2289156626506024,44486,0.22501145338597428,0.23281987191523051
2013,inadequately,1st Quintile,Yes,0.6172839506172839,44486,0.6127672092538435,0.6218006919807243
2013,inadequately,1st Quintile,No,0.38271604938271603,44486,0.37819930801927565,0.3872327907461564
2013,inadequately,2nd Quintile,Yes,0.6585365853658537,44486,0.6541299568976925,0.6629432138340149
2013,inadequately,2nd Quintile,No,0.34146341463414637,44486,0.3370567861659851,0.3458700431023076
2013,inadequately,3rd Quintile,Yes,0.8205128205128205,44486,0.81694663612223,0.824079004903411
2013,inadequately,3rd Quintile,No,0.1794871794871795,44486,0.17592099509658893,0.18305336387777005
2013,inadequately,4th Quintile,Yes,0.8,44486,0.7962828988104401,0.80371710118956
2013,inadequately,4th Quintile,No,0.2,44486,0.19628289881044006,0.20371710118955996
2013,inadequately,5th Quintile,Yes,0.7,44486,0.6957415256082577,0.7042584743917422
2013,inadequately,5th Quintile,No,0.3,44486,0.2957415256082578,0.3042584743917422
2013,general elementary,1st Quintile,Yes,0.6997084548104956,44486,0.6954487990275652,0.703968110593426
2013,general elementary,1st Quintile,No,0.30029154518950435,44486,0.29603188940657393,0.30455120097243477
2013,general elementary,2nd Quintile,Yes,0.7086419753086419,44486,0.7044194591382347,0.7128644914790492
2013,general elementary,2nd Quintile,No,0.291358024691358,44486,0.2871355085209508,0.2955805408617652
2013,general elementary,3rd Quintile,Yes,0.7121535181236673,44486,0.7079461388079892,0.7163608974393455
2013,general elementary,3rd Quintile,No,0.2878464818763326,44486,0.28363910256065444,0.29205386119201077
2013,general elementary,4th Quintile,Yes,0.6799007444168734,44486,0.6755655409728758,0.684235947860871
2013,general elementary,4th Quintile,No,0.3200992555831266,44486,0.315764052139129,0.32443445902712414
2013,general elementary,5th Quintile,Yes,0.6388888888888888,44486,0.6344253688795551,0.6433524088982225
2013,general elementary,5th Quintile,No,0.3611111111111111,44486,0.35664759110177746,0.36557463112044475
2013,middle vocational,1st Quintile,Yes,0.6746532156368222,44486,0.6702995211561691,0.6790069101174754
2013,middle vocational,1st Quintile,No,0.3253467843631778,44486,0.3209930898825247,0.32970047884383097
2013,middle vocational,2nd Quintile,Yes,0.6683823529411764,44486,0.6640073767211262,0.6727573291612267
2013,middle vocational,2nd Quintile,No,0.3316176470588235,44486,0.32724267083877334,0.3359926232788737
2013,middle vocational,3rd Quintile,Yes,0.6873496873496874,44486,0.6830418162882426,0.6916575584111322
2013,middle vocational,3rd Quintile,No,0.3126503126503126,44486,0.3083424415888678,0.31695818371175744
2013,middle vocational,4th Quintile,Yes,0.6740205401293268,44486,0.6696646584308061,0.6783764218278474
2013,middle vocational,4th Quintile,No,0.3259794598706733,44486,0.3216235781721526,0.330335341569194
2013,middle vocational,5th Quintile,Yes,0.6350040420371867,44486,0.6305302410090639,0.6394778430653096
2013,middle vocational,5th Quintile,No,0.36499595796281326,44486,0.3605221569346904,0.3694697589909361
2013,vocational + Abi,1st Quintile,Yes,0.6027397260273972,44486,0.5981924965698533,0.6072869554849412
2013,vocational + Abi,1st Quintile,No,0.3972602739726027,44486,0.39271304451505884,0.4018075034301466
2013,vocational + Abi,2nd Quintile,Yes,0.56,44486,0.5553871987328437,0.5646128012671564
2013,vocational + Abi,2nd Quintile,No,0.44,44486,0.43538719873284365,0.44461280126715635
2013,vocational + Abi,3rd Quintile,Yes,0.5384615384615384,44486,0.533828929046292,0.5430941478767849
2013,vocational + Abi,3rd Quintile,No,0.46153846153846156,44486,0.4569058521232151,0.466171070953708
2013,vocational + Abi,4th Quintile,Yes,0.5607476635514018,44486,0.5561357074050175,0.5653596196977861
2013,vocational + Abi,4th Quintile,No,0.4392523364485981,44486,0.43464038030221386,0.4438642925949824
2013,vocational + Abi,5th Quintile,Yes,0.5574572127139364,44486,0.5528416166372101,0.5620728087906628
2013,vocational + Abi,5th Quintile,No,0.44254278728606355,44486,0.4379271912093372,0.4471583833627899
2013,higher vocational,1st Quintile,Yes,0.8695652173913043,44486,0.8664355932601449,0.8726948415224638
2013,higher vocational,1st Quintile,No,0.13043478260869565,44486,0.1273051584775362,0.1335644067398551
2013,higher vocational,2nd Quintile,Yes,0.7037037037037037,44486,0.6994604165512267,0.7079469908561807
2013,higher vocational,2nd Quintile,No,0.2962962962962963,44486,0.2920530091438192,0.30053958344877335
2013,higher vocational,3rd Quintile,Yes,0.6890756302521008,44486,0.6847742759240991,0.6933769845801026
2013,higher vocational,3rd Quintile,No,0.31092436974789917,44486,0.3066230154198974,0.31522572407590094
2013,higher vocational,4th Quintile,Yes,0.680306905370844,44486,0.6759731593088893,0.6846406514327987
2013,higher vocational,4th Quintile,No,0.319693094629156,44486,0.3153593485672014,0.32402684069111065
2013,higher vocational,5th Quintile,Yes,0.6540642722117203,44486,0.6496439664155118,0.6584845780079287
2013,higher vocational,5th Quintile,No,0.34593572778827975,44486,0.3415154219920713,0.3503560335844882
2013,higher education,1st Quintile,Yes,0.5579710144927537,44486,0.5533559732521485,0.5625860557333588
2013,higher education,1st Quintile,No,0.4420289855072464,44486,0.43741394426664126,0.44664402674785153
2013,higher education,2nd Quintile,Yes,0.6067961165048543,44486,0.6022569648997625,0.6113352681099461
2013,higher education,2nd Quintile,No,0.3932038834951456,44486,0.38866473189005385,0.3977430351002374
2013,higher education,3rd Quintile,Yes,0.698876404494382,44486,0.6946133883700507,0.7031394206187134
2013,higher education,3rd Quintile,No,0.30112359550561796,44486,0.2968605793812867,0.30538661162994923
2013,higher education,4th Quintile,Yes,0.609860664523044,44486,0.6053278330371639,0.6143934960089241
2013,higher education,4th Quintile,No,0.39013933547695606,44486,0.385606503991076,0.39467216696283614
2013,higher education,5th Quintile,Yes,0.6141849238767174,44486,0.6096613304369164,0.6187085173165184
2013,higher education,5th Quintile,No,0.3858150761232826,44486,0.3812914826834816,0.39033866956308355
2015,in school,1st Quintile,No,0.7666666666666667,38036,0.7624160657133313,0.7709172676200021
2015,in school,1st Quintile,Yes,0.23333333333333334,38036,0.22908273237999796,0.2375839342866687
2015,in school,2nd Quintile,No,0.7868852459016393,38036,0.7827697600610926,0.7910007317421861
2015,in school,2nd Quintile,Yes,0.21311475409836064,38036,0.2089992682578139,0.2172302399389074
2015,in school,3rd Quintile,No,0.7638888888888888,38036,0.7596208146887067,0.768156963089071
2015,in school,3rd Quintile,Yes,0.2361111111111111,38036,0.23184303691092897,0.24037918531129324
2015,in school,4th Quintile,No,0.6842105263157895,38036,0.6795390693502791,0.6888819832812999
2015,in school,4th Quintile,Yes,0.3157894736842105,38036,0.31111801671870004,0.320460930649721
2015,in school,5th Quintile,No,0.717948717948718,38036,0.7134263134630688,0.7224711224343671
2015,in school,5th Quintile,Yes,0.28205128205128205,38036,0.27752887756563294,0.28657368653693116
2015,inadequately,1st Quintile,Yes,0.5688622754491018,38036,0.5638852457566791,0.5738393051415246
2015,inadequately,1st Quintile,No,0.4311377245508982,38036,0.42616069485847546,0.43611475424332097
2015,inadequately,2nd Quintile,Yes,0.5641025641025641,38036,0.5591191170766526,0.5690860111284756
2015,inadequately,2nd Quintile,No,0.4358974358974359,38036,0.43091398887152443,0.4408808829233474
2015,inadequately,3rd Quintile,Yes,0.6721311475409836,38036,0.6674133886346951,0.676848906447272
2015,inadequately,3rd Quintile,No,0.32786885245901637,38036,0.32315109355272786,0.3325866113653049
2015,inadequately,4th Quintile,Yes,0.7391304347826086,38036,0.7347174655264583,0.743543404038759
2015,inadequately,4th Quintile,No,0.2608695652173913,38036,0.256456595961241,0.2652825344735416
2015,inadequately,5th Quintile,Yes,0.6666666666666666,38036,0.661929132063375,0.6714042012699583
2015,inadequately,5th Quintile,No,0.3333333333333333,38036,0.32859579873004163,0.338070867936625
2015,general elementary,1st Quintile,Yes,0.6126878130217028,38036,0.6077921800148991,0.6175834460285066
2015,general elementary,1st Quintile,No,0.38731218697829717,38036,0.3824165539714934,0.39220781998510096
2015,general elementary,2nd Quintile,Yes,0.5690184049079755,38036,0.564041593646857,0.573995216169094
2015,general elementary,2nd Quintile,No,0.43098159509202455,38036,0.4260047838309061,0.435958406353143
2015,general elementary,3rd Quintile,Yes,0.596875,38036,0.5919453031597928,0.6018046968402073
2015,general elementary,3rd Quintile,No,0.403125,38036,0.39819530315979274,0.4080546968402073
2015,general elementary,4th Quintile,Yes,0.5943775100401606,38036,0.5894429225946033,0.5993120974857179
2015,general elementary,4th Quintile,No,0.40562248995983935,38036,0.40068790251428205,0.41055707740539665
2015,general elementary,5th Quintile,Yes,0.5634920634920635,38036,0.5585078271671345,0.5684762998169924
2015,general elementary,5th Quintile,No,0.4365079365079365,38036,0.43152370018300756,0.44149217283286546
2015,middle vocational,1st Quintile,Yes,0.6648550724637681,38036,0.6601111402954202,0.669599004632116
2015,middle vocational,1st Quintile,No,0.3351449275362319,38036,0.3304009953678839,0.3398888597045798
2015,middle vocational,2nd Quintile,Yes,0.6294758692267773,38036,0.6246223534725227,0.634329384981032
2015,middle vocational,2nd Quintile,No,0.3705241307732226,38036,0.365670615018968,0.3753776465274772
2015,middle vocational,3rd Quintile,Yes,0.6218167996959331,38036,0.6169432994316913,0.6266902999601748
2015,middle vocational,3rd Quintile,No,0.3781832003040669,38036,0.3733097000398251,0.38305670056830865
2015,middle vocational,4th Quintile,Yes,0.6203225806451613,38036,0.6154453327306195,0.6251998285597031
2015,middle vocational,4th Quintile,No,0.37967741935483873,38036,0.374800171440297,0.3845546672693805
2015,middle vocational,5th Quintile,Yes,0.6237446197991392,38036,0.618876027389492,0.6286132122087864
2015,middle vocational,5th Quintile,No,0.37625538020086086,38036,0.3713867877912137,0.381123972610508
2015,vocational + Abi,1st Quintile,Yes,0.5578231292517006,38036,0.5528319298362616,0.5628143286671397
2015,vocational + Abi,1st Quintile,No,0.4421768707482993,38036,0.4371856713328603,0.44716807016373833
2015,vocational + Abi,2nd Quintile,Yes,0.5571955719557196,38036,0.5522036422887773,0.5621875016226618
2015,vocational + Abi,2nd Quintile,No,0.44280442804428044,38036,0.43781249837733816,0.4477963577112227
2015,vocational + Abi,3rd Quintile,Yes,0.5138539042821159,38036,0.5088309192565891,0.5188768893076426
2015,vocational + Abi,3rd Quintile,No,0.48614609571788414,38036,0.48112311069235736,0.4911690807434109
2015,vocational + Abi,4th Quintile,Yes,0.5037453183520599,38036,0.4987205450609581,0.5087700916431618
2015,vocational + Abi,4th Quintile,No,0.49625468164794007,38036,0.4912299083568382,0.5012794549390419
2015,vocational + Abi,5th Quintile,Yes,0.5051020408163265,38036,0.500077388162279,0.510126693470374
2015,vocational + Abi,5th Quintile,No,0.49489795918367346,38036,0.4898733065296259,0.499922611837721
2015,higher vocational,1st Quintile,Yes,0.8571428571428571,38036,0.8536261497276356,0.8606595645580786
2015,higher vocational,1st Quintile,No,0.14285714285714285,38036,0.13934043544192135,0.14637385027236435
2015,higher vocational,2nd Quintile,Yes,0.7368421052631579,38036,0.7324166895755365,0.7412675209507792
2015,higher vocational,2nd Quintile,No,0.2631578947368421,38036,0.2587324790492207,0.2675833104244635
2015,higher vocational,3rd Quintile,Yes,0.6766917293233082,38036,0.6719910297750985,0.681392428871518
2015,higher vocational,3rd Quintile,No,0.3233082706766917,38036,0.318607571128482,0.32800897022490144
2015,higher vocational,4th Quintile,Yes,0.6277533039647577,38036,0.6228951801236775,0.6326114278058379
2015,higher vocational,4th Quintile,No,0.3722466960352423,38036,0.36738857219416216,0.37710481987632244
2015,higher vocational,5th Quintile,Yes,0.6298076923076923,38036,0.6249550718202714,0.6346603127951131
2015,higher vocational,5th Quintile,No,0.3701923076923077,38036,0.3653396872048869,0.3750449281797285
2015,higher education,1st Quintile,Yes,0.5874439461883408,38036,0.5824964741264714,0.5923914182502102
2015,higher education,1st Quintile,No,0.4125560538116592,38036,0.4076085817497898,0.4175035258735286
2015,higher education,2nd Quintile,Yes,0.6045845272206304,38036,0.5996707665958375,0.6094982878454233
2015,higher education,2nd Quintile,No,0.3954154727793696,38036,0.3905017121545768,0.40032923340416243
2015,higher education,3rd Quintile,Yes,0.5782208588957055,38036,0.5732578154349202,0.5831839023564909
2015,higher education,3rd Quintile,No,0.4217791411042945,38036,0.4168160976435091,0.4267421845650799
2015,higher education,4th Quintile,Yes,0.56732223903177,38036,0.5623430817736546,0.5723013962898855
2015,higher education,4th Quintile,No,0.43267776096822996,38036,0.4276986037101144,0.4376569182263455
2015,higher education,5th Quintile,Yes,0.5561349693251534,38036,0.5511418238484399,0.5611281148018669
2015,higher education,5th Quintile,No,0.4438650306748466,38036,0.43887188519813314,0.4488581761515601
2017,in school,1st Quintile,No,0.6739130434782609,45410,0.6696013392157956,0.6782247477407262
2017,in school,1st Quintile,Yes,0.32608695652173914,45410,0.3217752522592739,0.3303986607842044
2017,in school,2nd Quintile,No,0.62,45410,0.6155355499994365,0.6244644500005635
2017,in school,2nd Quintile,Yes,0.38,45410,0.3755355499994365,0.3844644500005635
2017,in school,3rd Quintile,No,0.71875,45410,0.7146146191260692,0.7228853808739308
2017,in school,3rd Quintile,Yes,0.28125,45410,0.27711461912606916,0.28538538087393084
2017,in school,4th Quintile,No,0.7088607594936709,45410,0.7046823484505473,0.7130391705367944
2017,in school,4th Quintile,Yes,0.2911392405063291,45410,0.2869608294632055,0.2953176515494527
2017,in school,5th Quintile,No,0.6862745098039216,45410,0.6820067088337077,0.6905423107741354
2017,in school,5th Quintile,Yes,0.3137254901960784,45410,0.30945768922586464,0.3179932911662922
2017,inadequately,1st Quintile,Yes,0.635036496350365,45410,0.6306085292877194,0.6394644634130106
2017,inadequately,1st Quintile,No,0.36496350364963503,45410,0.36053553658698945,0.3693914707122806
2017,inadequately,2nd Quintile,Yes,0.6388888888888888,45410,0.6344710139897686,0.6433067637880091
2017,inadequately,2nd Quintile,No,0.3611111111111111,45410,0.3566932362119909,0.3655289860102313
2017,inadequately,3rd Quintile,Yes,0.5657894736842105,45410,0.5612305961498841,0.5703483512185369
2017,inadequately,3rd Quintile,No,0.4342105263157895,45410,0.4296516487814631,0.43876940385011587
2017,inadequately,4th Quintile,Yes,0.6341463414634146,45410,0.6297160860267734,0.6385765969000559
2017,inadequately,4th Quintile,No,0.36585365853658536,45410,0.3614234030999441,0.37028391397322663
2017,inadequately,5th Quintile,Yes,0.6666666666666666,45410,0.6623308185209037,0.6710025148124296
2017,inadequately,5th Quintile,No,0.3333333333333333,45410,0.3289974851875704,0.33766918147909625
2017,general elementary,1st Quintile,Yes,0.6223175965665236,45410,0.6178584706451856,0.6267767224878616
2017,general elementary,1st Quintile,No,0.3776824034334764,45410,0.3732232775121384,0.38214152935481444
2017,general elementary,2nd Quintile,Yes,0.5514184397163121,45410,0.5468439603655748,0.5559929190670494
2017,general elementary,2nd Quintile,No,0.44858156028368795,45410,0.44400708093295066,0.45315603963442525
2017,general elementary,3rd Quintile,Yes,0.5495327102803739,45410,0.544956470996818,0.5541089495639298
2017,general elementary,3rd Quintile,No,0.4504672897196262,45410,0.44589105043607036,0.455043529003182
2017,general elementary,4th Quintile,Yes,0.6427145708582834,45410,0.6383070229066422,0.6471221188099247
2017,general elementary,4th Quintile,No,0.35728542914171657,45410,0.35287788119007535,0.3616929770933578
2017,general elementary,5th Quintile,Yes,0.6114864864864865,45410,0.6070034030996886,0.6159695698732844
2017,general elementary,5th Quintile,No,0.3885135135135135,45410,0.38403043012671556,0.3929965969003114
2017,middle vocational,1st Quintile,Yes,0.6248520710059171,45410,0.620398891478385,0.6293052505334492
2017,middle vocational,1st Quintile,No,0.37514792899408284,45410,0.3706947494665507,0.379601108521615
2017,middle vocational,2nd Quintile,Yes,0.6216814159292036,45410,0.6172208177708386,0.6261420140875685
2017,middle vocational,2nd Quintile,No,0.37831858407079644,45410,0.3738579859124314,0.38277918222916146
2017,middle vocational,3rd Quintile,Yes,0.6498436802143814,45410,0.6454561941018244,0.6542311663269385
2017,middle vocational,3rd Quintile,No,0.35015631978561856,45410,0.34576883367306155,0.3545438058981756
2017,middle vocational,4th Quintile,Yes,0.6458844133099825,45410,0.6414856535447321,0.6502831730752329
2017,middle vocational,4th Quintile,No,0.3541155866900175,45410,0.3497168269247672,0.35851434645526786
2017,middle vocational,5th Quintile,Yes,0.6370070778564206,45410,0.6325842348099538,0.6414299209028874
2017,middle vocational,5th Quintile,No,0.36299292214357937,45410,0.3585700790971125,0.3674157651900462
2017,vocational + Abi,1st Quintile,Yes,0.6617647058823529,45410,0.6574131798837827,0.6661162318809232
2017,vocational + Abi,1st Quintile,No,0.3382352941176471,45410,0.3338837681190768,0.3425868201162174
2017,vocational + Abi,2nd Quintile,Yes,0.5242718446601942,45410,0.5196784050020488,0.5288652843183396
2017,vocational + Abi,2nd Quintile,No,0.47572815533980584,45410,0.47113471568166043,0.48032159499795124
2017,vocational + Abi,3rd Quintile,Yes,0.5333333333333333,45410,0.5287447029668416,0.537921963699825
2017,vocational + Abi,3rd Quintile,No,0.4666666666666667,45410,0.46207803630017497,0.4712552970331584
2017,vocational + Abi,4th Quintile,Yes,0.506198347107438,45410,0.5015998390538966,0.5107968551609795
2017,vocational + Abi,4th Quintile,No,0.493801652892562,45410,0.48920314483902055,0.49840016094610345
2017,vocational + Abi,5th Quintile,Yes,0.5161290322580645,45410,0.5115325641896427,0.5207255003264863
2017,vocational + Abi,5th Quintile,No,0.4838709677419355,45410,0.4792744996735136,0.4884674358103574
2017,higher vocational,1st Quintile,Yes,0.65625,45410,0.6518814598450714,0.6606185401549286
2017,higher vocational,1st Quintile,No,0.34375,45410,0.3393814598450714,0.3481185401549286
2017,higher vocational,2nd Quintile,Yes,0.7397260273972602,45410,0.7356902134146182,0.7437618413799023
2017,higher vocational,2nd Quintile,No,0.2602739726027397,45410,0.25623815862009763,0.2643097865853818
2017,higher vocational,3rd Quintile,Yes,0.7653061224489796,45410,0.7614080599824234,0.7692041849155357
2017,higher vocational,3rd Quintile,No,0.23469387755102042,45410,0.23079581508446434,0.2385919400175765
2017,higher vocational,4th Quintile,Yes,0.653179190751445,45410,0.6488014598279827,0.6575569216749074
2017,higher vocational,4th Quintile,No,0.3468208092485549,45410,0.34244307832509246,0.35119854017201735
2017,higher vocational,5th Quintile,Yes,0.6748466257668712,45410,0.6705381168769341,0.6791551346568082
2017,higher vocational,5th Quintile,No,0.32515337423312884,45410,0.3208448653431918,0.3294618831230659
2017,higher education,1st Quintile,Yes,0.6089385474860335,45410,0.6044501681071837,0.6134269268648833
2017,higher education,1st Quintile,No,0.39106145251396646,45410,0.38657307313511663,0.3955498318928163
2017,higher education,2nd Quintile,Yes,0.5589225589225589,45410,0.5543557424074519,0.563489375437666
2017,higher education,2nd Quintile,No,0.44107744107744107,45410,0.436510624562334,0.4456442575925481
2017,higher education,3rd Quintile,Yes,0.5638095238095238,45410,0.5592482660656205,0.568370781553427
2017,higher education,3rd Quintile,No,0.4361904761904762,45410,0.43162921844657287,0.4407517339343795
2017,higher education,4th Quintile,Yes,0.5716666666666667,45410,0.5671152909116822,0.5762180424216511
2017,higher education,4th Quintile,No,0.42833333333333334,45410,0.4237819575783489,0.4328847090883178
2017,higher education,5th Quintile,Yes,0.5766509433962265,45410,0.5721064432472053,0.5811954435452477
2017,higher education,5th Quintile,No,0.4233490566037736,45410,0.4188045564547524,0.4278935567527948
2019,in school,1st Quintile,No,0.7647058823529411,42417,0.7606690673504511,0.7687426973554311
2019,in school,1st Quintile,Yes,0.23529411764705882,42417,0.2312573026445688,0.23933093264954883
2019,in school,2nd Quintile,No,0.68,42417,0.6755606892935622,0.6844393107064379
2019,in school,2nd Quintile,Yes,0.32,42417,0.31556068929356207,0.32443931070643794
2019,in school,3rd Quintile,No,0.6470588235294118,42417,0.6425109419979781,0.6516067050608455
2019,in school,3rd Quintile,Yes,0.35294117647058826,42417,0.3483932949391546,0.3574890580020219
2019,in school,4th Quintile,No,0.7647058823529411,42417,0.7606690673504511,0.7687426973554311
2019,in school,4th Quintile,Yes,0.23529411764705882,42417,0.2312573026445688,0.23933093264954883
2019,in school,5th Quintile,No,0.71875,42417,0.7144712068568669,0.7230287931431331
2019,in school,5th Quintile,Yes,0.28125,42417,0.2769712068568669,0.2855287931431331
2019,inadequately,1st Quintile,Yes,0.6391752577319587,42417,0.6346049627748583,0.6437455526890591
2019,inadequately,1st Quintile,No,0.36082474226804123,42417,0.35625444731094086,0.3653950372251416
2019,inadequately,2nd Quintile,Yes,0.6692913385826772,42417,0.6648140356059383,0.6737686415594161
2019,inadequately,2nd Quintile,No,0.33070866141732286,42417,0.32623135844058404,0.3351859643940617
2019,inadequately,3rd Quintile,Yes,0.6197183098591549,42417,0.6150983737629183,0.6243382459553914
2019,inadequately,3rd Quintile,No,0.38028169014084506,42417,0.37566175404460844,0.3849016262370817
2019,inadequately,4th Quintile,Yes,0.7543859649122807,42417,0.7502894976664746,0.7584824321580869
2019,inadequately,4th Quintile,No,0.24561403508771928,42417,0.2415175678419131,0.24971050233352546
2019,inadequately,5th Quintile,Yes,0.6521739130434783,42417,0.6476412974999254,0.6567065285870312
2019,inadequately,5th Quintile,No,0.34782608695652173,42417,0.3432934714129688,0.35235870250007467
2019,general elementary,1st Quintile,Yes,0.5983379501385041,42417,0.5936725406150984,0.6030033596619098
2019,general elementary,1st Quintile,No,0.40166204986149584,42417,0.39699664033809023,0.40632745938490145
2019,general elementary,2nd Quintile,Yes,0.6588486140724946,42417,0.6543367865922016,0.6633604415527876
2019,general elementary,2nd Quintile,No,0.3411513859275053,42417,0.3366395584472123,0.3456632134077984
2019,general elementary,3rd Quintile,Yes,0.611214953271028,42417,0.606575809215185,0.6158540973268711
2019,general elementary,3rd Quintile,No,0.38878504672897196,42417,0.3841459026731289,0.393424190784815
2019,general elementary,4th Quintile,Yes,0.6521739130434783,42417,0.6476412974999254,0.6567065285870312
2019,general elementary,4th Quintile,No,0.34782608695652173,42417,0.3432934714129688,0.35235870250007467
2019,general elementary,5th Quintile,Yes,0.6265984654731458,42417,0.6219951704509745,0.6312017604953171
2019,general elementary,5th Quintile,No,0.3734015345268542,42417,0.36879823950468293,0.3780048295490255
2019,middle vocational,1st Quintile,Yes,0.672360248447205,42417,0.6678935626343953,0.6768269342600147
2019,middle vocational,1st Quintile,No,0.327639751552795,42417,0.3231730657399853,0.33210643736560475
2019,middle vocational,2nd Quintile,Yes,0.6967285587975243,42417,0.6923540060191863,0.7011031115758622
2019,middle vocational,2nd Quintile,No,0.3032714412024757,42417,0.29889688842413764,0.3076459939808137
2019,middle vocational,3rd Quintile,Yes,0.6911458333333333,42417,0.6867489223209456,0.695542744345721
2019,middle vocational,3rd Quintile,No,0.30885416666666665,42417,0.30445725565427895,0.31325107767905436
2019,middle vocational,4th Quintile,Yes,0.6857638888888888,42417,0.6813461357046788,0.6901816420730988
2019,middle vocational,4th Quintile,No,0.3142361111111111,42417,0.30981835792690116,0.31865386429532105
2019,middle vocational,5th Quintile,Yes,0.6913649025069638,42417,0.6869688545964273,0.6957609504175003
2019,middle vocational,5th Quintile,No,0.3086350974930362,42417,0.3042390495824997,0.3130311454035727
2019,vocational + Abi,1st Quintile,Yes,0.6235294117647059,42417,0.6189185713092057,0.6281402522202061
2019,vocational + Abi,1st Quintile,No,0.3764705882352941,42417,0.37185974777979386,0.38108142869079437
2019,vocational + Abi,2nd Quintile,Yes,0.6201117318435754,42417,0.6154927206838289,0.6247307430033219
2019,vocational + Abi,2nd Quintile,No,0.37988826815642457,42417,0.37526925699667807,0.38450727931617107
2019,vocational + Abi,3rd Quintile,Yes,0.5816326530612245,42417,0.5769381526951616,0.5863271534272874
2019,vocational + Abi,3rd Quintile,No,0.41836734693877553,42417,0.4136728465727126,0.4230618473048385
2019,vocational + Abi,4th Quintile,Yes,0.5506445672191529,42417,0.5459106923446425,0.5553784420936633
2019,vocational + Abi,4th Quintile,No,0.44935543278084716,42417,0.4446215579063368,0.45408930765535754
2019,vocational + Abi,5th Quintile,Yes,0.6122448979591837,42417,0.607608001006141,0.6168817949122264
2019,vocational + Abi,5th Quintile,No,0.3877551020408163,42417,0.3831182050877736,0.392391998993859
2019,higher vocational,1st Quintile,Yes,0.8947368421052632,42417,0.8918162429562908,0.8976574412542355
2019,higher vocational,1st Quintile,No,0.10526315789473684,42417,0.10234255874576452,0.10818375704370915
2019,higher vocational,2nd Quintile,Yes,0.6785714285714286,42417,0.6741268957199138,0.6830159614229434
2019,higher vocational,2nd Quintile,No,0.32142857142857145,42417,0.31698403857705665,0.32587310428008626
2019,higher vocational,3rd Quintile,Yes,0.7792207792207793,42417,0.7752735217310224,0.7831680367105361
2019,higher vocational,3rd Quintile,No,0.22077922077922077,42417,0.21683196328946389,0.22472647826897765
2019,higher vocational,4th Quintile,Yes,0.7361111111111112,42417,0.7319167256859479,0.7403054965362744
2019,higher vocational,4th Quintile,No,0.2638888888888889,42417,0.25969450346372563,0.26808327431405216
2019,higher vocational,5th Quintile,Yes,0.7271487039563438,42417,0.7229097302329994,0.7313876776796882
2019,higher vocational,5th Quintile,No,0.2728512960436562,42417,0.2686123223203118,0.27709026976700063
2019,higher education,1st Quintile,Yes,0.5852272727272727,42417,0.5805385616562481,0.5899159837982973
2019,higher education,1st Quintile,No,0.4147727272727273,42417,0.41008401620170265,0.41946143834375194
2019,higher education,2nd Quintile,Yes,0.6260504201680672,42417,0.621445763252862,0.6306550770832724
2019,higher education,2nd Quintile,No,0.3739495798319328,42417,0.36934492291672766,0.3785542367471379
2019,higher education,3rd Quintile,Yes,0.6610169491525424,42417,0.6565120882424036,0.6655218100626812
2019,higher education,3rd Quintile,No,0.3389830508474576,42417,0.3344781899373188,0.3434879117575964
2019,higher education,4th Quintile,Yes,0.6095238095238096,42417,0.6048810230229319,0.6141665960246873
2019,higher education,4th Quintile,No,0.3904761904761905,42417,0.3858334039753128,0.39511897697706816
2019,higher education,5th Quintile,Yes,0.6412841602547095,42417,0.6367197294225294,0.6458485910868895
2019,higher education,5th Quintile,No,0.35871583974529053,42417,0.35415140891311053,0.36328027057747053
2021,in school,1st Quintile,No,0.8947368421052632,27598,0.8911160538843823,0.898357630326144
2021,in school,1st Quintile,Yes,0.10526315789473684,27598,0.10164236967385602,0.10888394611561765
2021,in school,2nd Quintile,No,0.7368421052631579,27598,0.7316467806856486,0.7420374298406671
2021,in school,2nd Quintile,Yes,0.2631578947368421,27598,0.2579625701593328,0.26835321931435135
2021,in school,3rd Quintile,No,0.8076923076923077,27598,0.8030424617115821,0.8123421536730333
2021,in school,3rd Quintile,Yes,0.19230769230769232,27598,0.18765784632696678,0.19695753828841786
2021,in school,4th Quintile,Yes,0.5294117647058824,27598,0.5235228590995642,0.5353006703122005
2021,in school,4th Quintile,No,0.47058823529411764,27598,0.4646993296877994,0.47647714090043586
2021,in school,5th Quintile,No,0.6867469879518072,27598,0.6812747713965149,0.6922192045070995
2021,in school,5th Quintile,Yes,0.3132530120481928,27598,0.30778079549290055,0.318725228603485
2021,inadequately,1st Quintile,No,0.5207756232686981,27598,0.5148815973610673,0.5266696491763289
2021,inadequately,1st Quintile,Yes,0.4792243767313019,27598,0.47333035082367114,0.4851184026389327
2021,inadequately,2nd Quintile,No,0.5061728395061729,27598,0.5002741685415374,0.5120715104708083
2021,inadequately,2nd Quintile,Yes,0.49382716049382713,27598,0.4879284895291917,0.49972583145846255
2021,inadequately,3rd Quintile,No,0.5637583892617449,27598,0.5579074267010816,0.5696093518224082
2021,inadequately,3rd Quintile,Yes,0.436241610738255,27598,0.43039064817759165,0.4420925732989184
2021,inadequately,4th Quintile,Yes,0.59375,27598,0.587955502704346,0.599544497295654
2021,inadequately,4th Quintile,No,0.40625,27598,0.40045550270434604,0.41204449729565396
2021,inadequately,5th Quintile,Yes,0.5555555555555556,27598,0.5496929624276129,0.5614181486834983
2021,inadequately,5th Quintile,No,0.4444444444444444,27598,0.4385818513165017,0.45030703757238716
2021,general elementary,1st Quintile,No,0.5087209302325582,27598,0.5028227070702777,0.5146191533948387
2021,general elementary,1st Quintile,Yes,0.49127906976744184,27598,0.48538084660516134,0.49717729292972235
2021,general elementary,2nd Quintile,Yes,0.558641975308642,27598,0.5527835680103914,0.5645003826068926
2021,general elementary,2nd Quintile,No,0.44135802469135804,27598,0.43549961739310744,0.44721643198960864
2021,general elementary,3rd Quintile,Yes,0.5770392749244713,27598,0.5712105981309006,0.582867951718042
2021,general elementary,3rd Quintile,No,0.4229607250755287,27598,0.417132048281958,0.42878940186909936
2021,general elementary,4th Quintile,Yes,0.6822157434402333,27598,0.6767223042197751,0.6877091826606915
2021,general elementary,4th Quintile,No,0.3177842565597668,27598,0.3122908173393086,0.32327769578022497
2021,general elementary,5th Quintile,Yes,0.648876404494382,27598,0.6432448503409237,0.6545079586478403
2021,general elementary,5th Quintile,No,0.351123595505618,27598,0.3454920413521597,0.3567551496590763
2021,middle vocational,1st Quintile,Yes,0.5934819897084048,27598,0.5876868897175812,0.5992770896992284
2021,middle vocational,1st Quintile,No,0.4065180102915952,27598,0.40072291030077156,0.4123131102824188
2021,middle vocational,2nd Quintile,Yes,0.638205499276411,27598,0.6325362113002604,0.6438747872525616
2021,middle vocational,2nd Quintile,No,0.361794500723589,27598,0.3561252127474383,0.36746378869973967
2021,middle vocational,3rd Quintile,Yes,0.7239685658153242,27598,0.7186943682724316,0.7292427633582168
2021,middle vocational,3rd Quintile,No,0.27603143418467585,27598,0.27075723664178325,0.28130563172756845
2021,middle vocational,4th Quintile,Yes,0.6957730812013349,27598,0.690344955492778,0.7012012069098917
2021,middle vocational,4th Quintile,No,0.3042269187986652,27598,0.2987987930901083,0.3096550445072221
2021,middle vocational,5th Quintile,Yes,0.6956659285036381,27598,0.6902372650204134,0.7010945919868627
2021,middle vocational,5th Quintile,No,0.30433407149636194,27598,0.2989054080131372,0.3097627349795867
2021,vocational + Abi,1st Quintile,Yes,0.6,27598,0.5942200658970318,0.6057799341029682
2021,vocational + Abi,1st Quintile,No,0.4,27598,0.39422006589703185,0.4057799341029682
2021,vocational + Abi,2nd Quintile,Yes,0.7317073170731707,27598,0.7264798611524457,0.7369347729938958
2021,vocational + Abi,2nd Quintile,No,0.2682926829268293,27598,0.26306522700610424,0.27352013884755433
2021,vocational + Abi,3rd Quintile,Yes,0.5729166666666666,27598,0.5670806126051623,0.578752720728171
2021,vocational + Abi,3rd Quintile,No,0.4270833333333333,27598,0.421247279271829,0.43291938739483765
2021,vocational + Abi,4th Quintile,Yes,0.6338383838383839,27598,0.6281545294671027,0.639522238209665
2021,vocational + Abi,4th Quintile,No,0.3661616161616162,27598,0.360477761790335,0.37184547053289735
2021,vocational + Abi,5th Quintile,Yes,0.6456996148908858,27598,0.6400565071502053,0.6513427226315662
2021,vocational + Abi,5th Quintile,No,0.35430038510911427,27598,0.3486572773684339,0.35994349284979466
2021,higher vocational,1st Quintile,Yes,0.625,27598,0.6192882010965433,0.6307117989034567
2021,higher vocational,1st Quintile,No,0.375,27598,0.36928820109654326,0.38071179890345674
2021,higher vocational,2nd Quintile,Yes,0.7222222222222222,27598,0.7169377521897271,0.7275066922547173
2021,higher vocational,2nd Quintile,No,0.2777777777777778,27598,0.27249330774528274,0.28306224781027284
2021,higher vocational,3rd Quintile,Yes,0.8214285714285714,27598,0.8169099271360339,0.8259472157211089
2021,higher vocational,3rd Quintile,No,0.17857142857142858,27598,0.17405278427889112,0.18309007286396603
2021,higher vocational,4th Quintile,Yes,0.7437185929648241,27598,0.7385677283441763,0.748869457585472
2021,higher vocational,4th Quintile,No,0.2562814070351759,27598,0.2511305424145281,0.26143227165582367
2021,higher vocational,5th Quintile,Yes,0.7223065250379362,27598,0.7170225485942587,0.7275905014816137
2021,higher vocational,5th Quintile,No,0.27769347496206376,27598,0.2724094985183863,0.2829774514057412
2021,higher education,1st Quintile,Yes,0.5069444444444444,27598,0.5010458929043773,0.5128429959845116
2021,higher education,1st Quintile,No,0.4930555555555556,27598,0.48715700401548845,0.4989541070956227
2021,higher education,2nd Quintile,Yes,0.5072992700729927,27598,0.5014007781677019,0.5131977619782835
2021,higher education,2nd Quintile,No,0.4927007299270073,27598,0.48680223802171657,0.49859922183229805
2021,higher education,3rd Quintile,Yes,0.5582655826558266,27598,0.5524066526132528,0.5641245126984004
2021,higher education,3rd Quintile,No,0.44173441734417346,27598,0.43587548730159964,0.4475933473867473
2021,higher education,4th Quintile,Yes,0.5969962453066333,27598,0.5912091902753164,0.6027833003379502
2021,higher education,4th Quintile,No,0.4030037546933667,27598,0.39721669966204975,0.4087908097246836
2021,higher education,5th Quintile,Yes,0.6277749096541043,27598,0.6220716641694995,0.6334781551387091
2021,higher education,5th Quintile,No,0.37222509034589574,27598,0.366521844861291,0.37792833583050045
